text,updateDt
Why that kinda look like ...,2024-05-28
"Outfit trash, the pants are corny, the collar on the shirt looks bogus, Kanye clothes arenâ€™t it, shit look at Kanye he canâ€™t dress",2024-05-28
I wear my vultures pants everyday and pray they restock,2024-05-28
Pants are ğŸ”¥,2024-05-27
1:22:06  Paul Wall is that nigga ğŸ¤ğŸ¾ğŸ’¯,2024-05-28
1:21:57  ğŸ˜‚ğŸ˜‚ğŸ˜‚ dat part,2024-05-28
Watch ur mouf pucci when speaking on Meek,2024-05-27
26:02  PAC was a revolutionary niggas so dayumm dumb bro,2024-05-27
ğŸ˜‚ğŸ˜‚ğŸ˜‚ 20:48,2024-05-27
Dayumm bro i donâ€™t get any notifications ğŸ”” no more replay gang,2024-05-27
OMG that was not the right key my ears hurt.,2024-05-28
How to over inflate a childâ€™s ego. I think they should stick to putting her in the school talent show like every other kid,2024-05-28
Kim trying to keep up with blu ivy,2024-05-28
The ruch keeps getting Richer then they fall,2024-05-28
im so proud of her keep rising to the top and IGNORE THE HATERS!!!!,2024-05-28
Awful performance and was not captivating and no standing ovation,2024-05-28
She made a good lion cub,2024-05-28
Itâ€™s not her fault in being picked for the part I honestly think sheâ€™s a talented kid. Great job North West,2024-05-28
She did not deserve a standing ovation,2024-05-27
"I've seen better talent, there ars so many talents kids that are not recognized because of the children parent the are in the limelight which is not fair to the underdog.ğŸ˜®",2024-05-27
Wow she  donâ€™t need grown up help her to act,2024-05-27
"BeyoncÃ© and Blue canâ€™t do anything without Kimye coping them!!  Now everybody knows Bey and Blue are doing Lion King Mufasa, EVERYBODY KNOWS!!  They just had to copy!! #BeehiveğŸ",2024-05-27
"Isnâ€™t that Nepotism ? And hate to break it to everyone all this crap about equality and equity well itâ€™s crap . Itâ€™s all about who you know , !!!!!!! Very few by Merritt! Fewer by luck !",2024-05-27
She is a child and she did great because she put forth the effort..kids have to start somewhere..some naturally can sing and some become great as time goes now.stop raining on her parade. She has a dream..we should nourish and encourage it...,2024-05-27
She brought eyes to the show,2024-05-27
She did fine,2024-05-27
Go NorthğŸ˜Š,2024-05-27
They got kids younger than her that sing better on America's got talent,2024-05-27
"People commenting about ""another kid could have done better"", and that she didn't do good. Y'all do realize that shes 10 right! SHE IS FREAKING 10. GEEZ",2024-05-27
"News flash! Classism, it exists.",2024-05-27
Who's couch did kim lay on to get the part. Certainly she had no talent.,2024-05-27
"JoziWan, You're awesome! Let's be friends and play together!",2024-05-27
"She did not get a Standing Ovation, the entire cast got the ovation for the performance, and as someone who was there - she really should not have been in that show, we watched her walk across the stage with a lifeless feel to such a joyous part of the movie, where the young lion learns of his destiny.  Or maybe it was fitting, as she will be the next Kardashian to hit the spot light?  But in the end, her elementary school level performance took away from a child who worked hard for their big break in this show, simply because her family allegedly paid to have her in the show.",2024-05-27
She honestly didn't deserve it. Many children who were talented were passed up.,2024-05-27
Horrible talentless performance,2024-05-28
Zero talent,2024-05-28
I saw video of her performance and she was awful. I guess they thought her n her parents celebrity would bring in more ticket sales. But if i was in the audience id be mad i paid to see that ğŸ’©. Im so tired of people with no talent getting paid big bucks to ruin something that could've been great. I dont blame North though. Shes a child. I blame all the adults around her!,2024-05-28
ğŸ˜•,2024-05-28
"Poor  little girl she is sweet and adorable,but it was bad,and whats up with the duck costume??",2024-05-28
She is cute but her family is weird!,2024-05-28
Do you all say that about the kids in your own family?  Geez,2024-05-28
Beautiful Girl....,2024-05-28
To life?,2024-05-28
That would explain why we saw Kanye at Disneyland .,2024-05-28
"OMG , North was terrible.  Money can buy you anything . There are more talented kids out there  .",2024-05-28
She was terrible!,2024-05-27
"WTF Wasn't Simba a male lion? ğŸ™„
Im sure there are plenty more talented young boys who could have done this better. And what's up with those Ye slippers?!?ğŸ‘",2024-05-27
Where is Blue Ivy???,2024-05-27
Cringe that Kim did that,2024-05-27
Where is Kim??? Jealousy is evil.ğŸ˜Š,2024-05-27
I hope ye stays far away from this devilishly demonic company,2024-05-28
We love you to Heyâ¤â¤ he hat the Power NOWğŸ‘ğŸ‘ğŸ‘YE CONTINUE WINNING ğŸ‘ğŸ‘ğŸ‘ğŸºğŸ¹,2024-05-27
"I PRAY AND HOPE THAT YE WILL LISTEN TO THE HOLY SPIRIT AND COME BACK TO OUR HEAVENLY FATHER BECAUSE ONLY IN HIM WE CAN DO ALL THINGS.   HE MUST READ THE STORY OF SAMSON, OUR HEAVENLY FATHER PROMISES TO WITH US EVEN THOUGH WE GO THROUGH ğŸ”¥.   HE MUST MAKE THE BIBLE HIS FRIEND BECAUSE IS OUR HEAVENLY FATHER 'S BREATH WORD.",2024-05-27
Balenciaga is bad. Promte pedophilia.,2024-05-27
can you send me the drums please,2024-05-27
"lil durk so ass, idek who listens to him, this version is so much better",2024-05-27
wsp,2024-05-27
"ğŸ”¥ğŸ”¥ğŸ”¥ğŸ”¥ğŸ”¥ğŸ”¥ğŸ”¥ 
best one you made probably so far ?",2024-05-27
KANYE ğŸ,2024-05-27
"""There is pleasure in the pathless woods, there is rapture in the lonely shore, there is society where none intrudes, by the deep sea, and music in its roar; I love not Man the less, but Nature more.""

- Lord Byron",2024-05-27
ğŸ”¥ğŸ”¥ğŸ”¥ğŸ”¥,2024-05-28
"l've seen hierarchy destroyed
And l've seen hierarchy created
One method compares to friendship
l'm fighting to the last man standing
lt's never cordial to do the requesting
l might forget you forgot 
Trash can't behest anything
l'm not buying what you're selling
Who still mines librarians
l am not the one to f--k with
With my attitude 
l'll have to dodge who the duck's with",2024-05-27
Bro wtf?? ğŸ”¥ğŸ”¥ğŸ”¥ğŸ”¥ğŸ”¥ğŸ”¥ğŸ”¥ğŸ”¥ğŸ”¥ğŸ”¥ğŸ”¥ğŸ”¥,2024-05-27
Masterpiece after masterpiece ğŸ‘ğŸ˜,2024-05-27
NEW KANYE TYPE BEAT WOOOHOOO,2024-05-27
No North or any child slander in my comment section! Go slander yuh Mumma ğŸ˜…â¤â¤â¤,2024-05-27
She is just a baby not a teenager.that is kimmy cakes and her mother wanting to make more money.point blank she needs to be with her dad,2024-05-28
I thought North did a good job. I thought it was adorable.,2024-05-28
"North is epic. She reminds me of my youngest daughter (10). Creative, outspoken and totally herself. North didnâ€™t ask to have famous parents. If north is doing this, she wants too, she doesnâ€™t do anything she donâ€™t want too. The mum of that other girl, should comfort her daughter instead of ranting. She seems 1 of those mums from toddlers and tiaras tlc. I wish north and the other girl much succes and the other girl will find her perfect role.",2024-05-27
Thatâ€™s Kim all over North is a rapper not a actor,2024-05-27
"North West did well, she is creative, artistic and confidence. She is talented. She only needs a voice coach to make her better.",2024-05-27
Kim new better don  her like that let her be a child,2024-05-27
Is my music good??,2024-05-28
This is great,2024-05-28
who made the art?,2024-05-28
You never disappoint,2024-05-27
Haven't heard this sample since Jay Z,2024-05-27
Sample ğŸ”¥ â€¢ ğŸŒ™,2024-05-27
send it too me wit drums I'll kill it,2024-05-27
fire ğŸ”¥ğŸ”¥,2024-05-27
â˜„ï¸ğŸ”¥â˜„ï¸ğŸ”¥â˜„ï¸ğŸ”¥â˜„ï¸ğŸ”¥â˜„ï¸ğŸ”¥,2024-05-27
ğŸ¤¦ğŸ¾â€â™‚ï¸ğŸ˜¤ğŸ¤ŒğŸ¾ In a league of its own.ğŸ•ºğŸ¾ğŸ¸ğŸŒ ğŸŒŒğŸ”¥ğŸ”¥ğŸ”¥,2024-05-27
Major fire here wow ğŸ˜³,2024-05-27
Was this done with TresGenio?,2024-05-27
"True Love enters the top 20 ye tracks easily, such a memorable beat and an amazing feature.",2024-05-27
"best kanye leak oat,best leak oat,best song oat",2024-05-27
BUY THIS BEAT: https://bsta.rs/1aLXF,2024-05-27
Woah this goes crazy hard,2024-05-27
Fire,2024-05-27
âœ¨âœ¨,2024-05-27
damnnnn,2024-05-27
"Gangster rap is bad. Ok, got it. 

Who is this dude?No really. I have no idea.",2024-05-28
Jesus is king,2024-05-28
"I see why cuz always be getting strays thrown his way. He might be a cool dude.. yeah yeah.. this and that  but he be minding everyone else business . Like Bro just do your gospel rap and stop speaking on commercial artist, street /trap artist, etc.  but he wanna make it seem like he always getting slander unprovoked 

Typical self righteous fake Christian ish lmao",2024-05-28
"I got Love for Dee 1, his stance, and his willingness to make a change. But everyoneâ€™s approach is different. Everyoneâ€™s own beliefs within beliefs, is deferent. Elder rappers came up in a completely different era. We are all, not Christians. We are here to Create, and Live Life. Letâ€™s create Art! ğŸ–¼ï¸ People wanna drink, smoke, have sex and party. Yes there is an order to doing these things, but, when Iâ€™m on tracks, Iâ€™m talking that highly intelligent smack. Thereâ€™s a lot going on, and it can be complicated, building relationships. Everyone is entitled to their opinions, but, letâ€™s just build. ğŸ—ï¸",2024-05-28
Math loves to defend fck sh!t,2024-05-28
"Kanye lost me saying free Larry Hoover on TV with Trump! It wasn't the meeting it was the statement! Why not get Asata Shakur back to the States? Why not free the Black Panthers? He said free Larry Hoover that's when I was done! Feel sorry for him about his mom's, and what Kim did and is doing to him!

Edited/Added: Until we pull out the Apocrypha, Lost Books and Aquarian Gospel of Jesus and not just Enoch, I don't want to hear about the Bible from anybody!",2024-05-28
Clownye ğŸ¤¡ West â¬…ï¸ ğŸ˜‚ğŸ¤£ğŸ˜­,2024-05-28
"I think Math is just ""podding"", or I hope so",2024-05-28
"this whole interview he did it for views alll i got from this is wen dee 1 said unscribe math whole attitude change my question is , is math from the same cloth as ADAM 22 for the views ?ğŸ¤”",2024-05-28
Christians are the worse,2024-05-28
Going at the pieces on the board and not the player of the game is trash.,2024-05-28
All Facts ğŸ‘¨ğŸ¾â€ğŸ«ğŸ’¯,2024-05-28
Hes telling all facts! The only person in our community that we ride for no matter what is Kanye. Which is why sometimes I donâ€™t understand some of his outburst cause I feel like in hip hop we give Kanye the most grace. But if you really want to be honest Kanye does alot of clown shit that we make excuses for. ğŸ¤·ğŸ½â€â™‚ï¸ I like his art but thatâ€™s it I canâ€™t follow his rhetoric,2024-05-28
Kanye West is a Capitalist he uses all the tools to get to the Bag! Get urs my brothers stop hatin,2024-05-28
"Dee-1 is usually on point but I think heâ€™s off base here.  Jesus said the Kingdom of God lives within us.  That means we are living expressions of God.  So, whatâ€™s the use of calling someone a clown for claiming who they are and not being humble about their success?  Kanye might be a little off mentally, but heâ€™s still an example of what is possible when we are tapped into the powers we share with our creator.",2024-05-28
"Dee represents someone who doesnâ€™t play with duality. Itâ€™s natural in todayâ€™s society to try to serve 2 Gods; spiritual & financial for example, but you will always have to make a choice, of which is greater to YOU.. Dee seem like he not gon waiver on fake sh!t no matter who saying/doing it. We can get somewhere with tht type of commitment",2024-05-28
"I could hear Bigga right now asking Dee-1 in this interview :

â€œYouâ€™ve been speaking about Christianity how are closer are you with God ?â€  - Bigga",2024-05-27
The dumbest thing u can see is black folks fighting for Christianity smfh,2024-05-27
I root for kanye but he all over the place... #HowSway #YouAintGotTheAnswers,2024-05-27
Dee 1 just go to gospel rap daamn,2024-05-27
âœï¸SAINT COLORED COAT on YouTubeğŸ˜‡I Christian rapğŸ”¥ğŸ”¥ğŸ¶I'M UNOğŸš«ğŸ“Jesus is ğŸ‘‘ ğŸ’™,2024-05-27
Perfect question to end the clip Math ğŸ«¡,2024-05-27
I got the hardest freestyle in jersey play Moneyboy yb top 5 outta jersey all platforms me Moneyboy YB,2024-05-27
Curse words donâ€™t dictate if a person believes in god or not smh. Gotta watch these false prophets,2024-05-27
"These titles @ statements be so clout chasey, weak Christian minds will never understand. Call a man a clown when you donâ€™t agree is wild",2024-05-27
"This is wild right after the Ross video, actions have consequences nobody is untouchable.",2024-05-27
"Boa u a rapper , rap your issues",2024-05-27
Kanye understands that Christianity is just Sun worship. Christ consciousness is within all of us but we are stuck in our ego Most of the time.,2024-05-27
ğŸ˜‚ğŸ˜‚ğŸ˜‚ğŸ˜‚ this video isnâ€™t going to age well at all. ğŸ¤¡ boy. YE24!!! He ainâ€™t like us .,2024-05-27
"""I have said, Ye are gods; and all of you are children of the most High"" Psalm 82:6",2024-05-27
ğŸ”¥ interview keep standing on that truth Dee 1,2024-05-27
ğŸ‘ğŸ‘ŒğŸ‘,2024-05-27
"How's the Church gonna be mad when they put Kanye  (allegedly, a man on meds with mental health issues) out front as their poster boy?    That sounds really exploitative to me.   It reminds me the documentary, ""Marjoe"".
-Marjoe Gorter 1972ï¼šdocumentary  https://www.youtube.com/watch?v=MFaMfRSqfBU&t=1814s",2024-05-27
Sometimes we let Artists slide with being crappy humans just because we love their art,2024-05-27
The disrespect!  Okay you got my click!,2024-05-27
"Drake tried to sign Dario Gold and chad Billyon after hearing there songs ,jupiter, strip club, not like us part 2,rock ah bye baby, OMG, are you dumb just to list a few songs",2024-05-27
"YE!!
DONT GO INTO THE ADULT INDUSTRY 
THAT IS POISON THATS ALREADY EFFECTING YOUR FAMILY",2024-05-27
His clothes do not look good,2024-05-27
When manâ€™s was pro Jesus none of yâ€™all was on some pro ye stuff.  A lot of yall need to grfoh.,2024-05-27
D1 ; not feeling the brother. I feel like he has a slave mentality,2024-05-27
I never thought of Kanye as a man of GodğŸ’¯ he just likes attention,2024-05-27
Glass house ğŸ¥·,2024-05-27
Everyone has a real opinion at the end of the day. A lot of brothers sell out west went south mentally Hypocrites go down under ğŸ¤” christianity small wonder,2024-05-27
Dee 1 needs to grow up (spiritually),2024-05-27
Attention has alwayd been the currency since biblical times. God did what he did to get your attention...lol,2024-05-27
"Christians be the most loving, hating people. Ye has the right to change his perspective. Christians are sheep, easily led and believe what theyâ€™re told. Knowledge > belief. Even the Bible says ye are Gods",2024-05-27
THANK YOU FOR YOUR WORK DEE1!,2024-05-27
"Lol, that's in the bible...""havent I told you ye are gods.""",2024-05-27
I swear Mecca be d ridin every guest,2024-05-27
Why doesnâ€™t Jesus Christ cause the good brother Dee1 to be as popular as those he has criticism for?? Fair question âœŒğŸ¾,2024-05-27
Ğ£Ğ±Ğ¾Ğ¹Ğ½Ñ‹Ğ¹ Ğ¿Ñ€Ğ¾ÑÑ‚Ğ¾ Remix!ğŸ‘,2024-05-27
We causing earthquakes with dis one _ğŸ—£ï¸ğŸ—£ï¸_,2024-05-27
This is ğŸ”¥ğŸ”¥ğŸ”¥,2024-05-27
Que buen tamzoğŸ‘,2024-05-27
does anyone know which software/program this is??,2024-05-28
Wow he look gay now. lol,2024-05-27
I thought he'd have changed more not  extremely noticeable,2024-05-27
Who decides whatâ€™s perfect,2024-05-27
5,2024-05-27
Do Billie eillsh  and melanie martinez,2024-05-27
Where my Swifties at? ğŸ¤âœ¨,2024-05-27
Second,2024-05-27
First,2024-05-27
ğŸ—‘ï¸,2024-05-27
â€œIF YOU AINT NO PUNK HOLLA WE WANT PRENUP! WE WANT PRENUP YEAHHHH!!!!!!!!â€,2024-05-28
Yup,2024-05-28
TRUE KANYE STORY LIKE CHARLIE MURPHY STORY .. FOXX AS CHAPPELLE!!! â¤ğŸ˜‚ğŸ˜…ğŸ˜…ğŸ˜…,2024-05-28
Imagine if this loop was taken by Chance for The Big Day.,2024-05-27
Taking me backâ€¦ these stems are too goated,2024-05-28
my fav version of the hook ngl,2024-05-28
"field trip production with a beat switch demo leak don't know if it's real Or not

https://youtube.com/shorts/sFTAmR_yJM8?si=oJ5FvlHTOR3hy4Ux",2024-05-28
CHANCE THE LEAKER,2024-05-28
No way it was GAJ thats crazy,2024-05-28
Yessssssssssss,2024-05-27
80 degreeees,2024-05-27
tf in the minute 1:07 he actually sang the chorus from moon,2024-05-27
Final version clears hard unfortunately,2024-05-27
Ogâ€™s remember when it was titled 80 degrees,2024-05-27
real ones know that v0 was of some struggling latin guy musician who met ye out in public and rapped to him over this beat,2024-05-27
We need the whole yandhi leak,2024-05-27
HOLY FUCK I WANTED TO HEAR THIS FOR SO LONG THANK YOU,2024-05-27
I can walk on the waaa ğŸ˜«ğŸ˜©,2024-05-27
goosebumps kanye voice,2024-05-27
I know this turned into 80 degrees but it sounds like it also couldâ€™ve maybe turned into Nights On The Moon with a similar melody,2024-05-27
Clouted up next? ğŸ˜,2024-05-27
THE BEAT WONT FUCKING DROP,2024-05-27
dont goon me down,2024-05-27
Ye told Chance don't let me down and he really let him down ğŸ˜­,2024-05-27
LEAKY DEGREES,2024-05-27
Ye is so pookie coded,2024-05-27
Im bricked,2024-05-27
Don't freak me down ğŸ—£ğŸ—£ğŸ—£,2024-05-27
FINDIN A FREAAAAK ğŸ—£ï¸ğŸ—£ï¸ğŸ—£ï¸ğŸ”¥,2024-05-27
GOAT,2024-05-27
GAJ have official cover art or is that picture?,2024-05-27
"Good Ass Job 2018, Yandhi, Jesus Is King, God's Country, DND WTH CHLD, Donda V2 and Donda V3. 

And in the end the chorus remained as in the first version.",2024-05-27
YOU HAVE ALL THAT PLEASE,2024-05-27
"""SIT YO ASS DOWN!""",2024-05-27
NOTHING EVER TOPS THE OG ONE THAT WORLDSTAR POSTED. LEGENDARY SHIT.,2024-05-27
"THIS IS A BIG LEAK, PLEASE FIX THE DAMN PIPELINE ğŸ—£ğŸ”¥ğŸ”¥ğŸ”¥",2024-05-27
DONT LEAK ME DOWNğŸ—£ï¸ğŸ—£ï¸â‰ï¸,2024-05-27
the only good thing about gaj 2018,2024-05-27
And the idiot gave himself one month to make 11 brand new finished songs ğŸ¤¦â€â™‚ï¸,2024-05-27
need the ant ref ğŸ˜­,2024-05-27
Where are all the new leaks coming from? Other than the GB,2024-05-27
"is incredible how this sample completely transformed ye's mentality to the point of doing yhandi, donda v1, donda v2, donda v3 and donda 2",2024-05-27
ITâ€™S LEAKING EVERYWHEREğŸ’¯ğŸ”¥ğŸ”¥â€¼ï¸â€¼ï¸,2024-05-27
"This project had a cool sound, clouted up is such an earworm",2024-05-27
You fell off ğ“ƒğ’¾ğ“°ğ“°ğ’¶,2024-05-27
Leakin rn,2024-05-27
Ye is such a pookie,2024-05-27
We are SOOOO BACK,2024-05-27
Greatest song ever,2024-05-27
DONT LET ME LEAK,2024-05-27
It al began here,2024-05-27
We winning,2024-05-27
We can be,2024-05-27
this is so fire,2024-05-28
Itâ€™s beautifulğŸ¥¹,2024-05-27
Itâ€™s nice when someone really stick by your side no matter what,2024-05-28
Keep on grinding brotha that track is fire ğŸ”¥ğŸ”¥,2024-05-27
Definitely can see YE doin this one,2024-05-27
so crediting people is out of fashion now?!,2024-05-27
tear the internet ğŸ˜¿,2024-05-28
bro just stole this and uploaded it ğŸ˜­,2024-05-27
Shoutout To @UNDERDAWGOFFICIAL,2024-05-27
Iâ€™m so glad I finished it,2024-05-27
Art,2024-05-27
Wtf she know bout cameras,2024-05-28
"""Look at GAH GAH!""",2024-05-28
Damn Kobie spitted deep,2024-05-28
SPOTIFY PLISS ğŸ™ğŸ™ğŸ™ğŸ”¥ğŸ”¥ğŸ”¥,2024-05-28
2:43 (outro instrumental),2024-05-28
2:19 (travis medio) 2:36 (medio2),2024-05-28
2:02 (medio2),2024-05-28
1:08(medio),2024-05-28
how u get this uploaded on yt without the worldwide restriction,2024-05-28
25k group buy? huh can someone pls explain,2024-05-27
This is absurde,2024-05-27
"https://krakenfiles.com/view/9xnogSFKwq/file.html 
Download link",2024-05-27
I mean itâ€™s good but we basically already had it. Not worth the 25k group buy,2024-05-27
Yoo where did you get this version of the song ?ğŸ”¥ğŸ”¥ğŸ”¥,2024-05-27
Can't believe we finally got it,2024-05-27
You deserve more credit great artwork!,2024-05-27
Escupo veneno ğŸ—£ï¸ğŸ”¥,2024-05-28
This is mad tuff,2024-05-28
ğŸ”¥ğŸ”¥ğŸ”¥,2024-05-28
"Why buy leaks while you can just wait for dumbasses to buy them and just listen to it for free when they do. Itâ€™s good but not for 25k, thatâ€™s absurd.",2024-05-28
some mixing and this song will be incredible,2024-05-27
kanye bee,2024-05-27
25k later,2024-05-27
wundermind instrumental is growing on me,2024-05-28
SPOTIFY PLISS (Incredible version better than the original),2024-05-28
this is def better than the official,2024-05-28
that humming is so fucking good,2024-05-27
feel like travis coudlve been mixed better but i like dis alot,2024-05-27
This is nice! What's with the girl whispering sound in the background though?,2024-05-27
thatâ€™s my dawg,2024-05-27
Bro what did you add to it to make it better ğŸ˜­,2024-05-28
Bruh I was JUST MENTIONING THIS: â€œall we need is a little AI EDIT to fill in the second verse and bring back Kirby Laurynâ€ and LO AND BEHOLD,2024-05-28
DAAAAAAAAAAAAAAAAAAAAAAAAAAAAAAAAMN.,2024-05-28
KENYA BEE â€¼ï¸â€¼ï¸â€¼ï¸,2024-05-28
this would be kanyeâ€™s #1 song and itâ€™s not close,2024-05-28
Hey mate the untitled link isnâ€™t working?,2024-05-28
Whereâ€™s Travis Other verse,2024-05-28
You fixed the mumblessss,2024-05-28
Fire! Ye leaks are better than most artists best.,2024-05-28
"Bro thats so fire I NEED IT NOW, THIS IS HOW FULL VERSION SHOULD SOUND LIKE",2024-05-28
Can you put this on [Untitled] and send the link ğŸ™,2024-05-28
"this is so hard. idk why he never used the ""never let me go"" portion on can u be",2024-05-28
THAT ONE YEDITğŸ—£ï¸ğŸ—£ï¸ğŸ—£ï¸ğŸ—£ï¸ğŸ”ŠğŸ”ŠğŸ”ŠğŸ”ŠğŸ”¥ğŸ”¥ğŸ”¥ğŸ”¥ğŸ”¥,2024-05-28
THE OUTRO??? WHAT?????? THIS IS CRAZY,2024-05-28
we're going to be,2024-05-27
ğŸ—£ï¸WE'RE GETTING OUTTA UNIQLO WITH THIS ONE ğŸ”¥,2024-05-27
THIS IS THE ONE,2024-05-27
Insane,2024-05-27
this actually fire edit,2024-05-27
The only vid that doesn't lie when it says best version,2024-05-27
thanks for the mix,2024-05-27
yea this the one fs ğŸ”¥,2024-05-27
did you make the piano or is it somewhere in the stems?,2024-05-27
gj man thats fire,2024-05-27
you should add the 'I got 3 words for my ns getting married seriously' part,2024-05-27
this is pretty clean,2024-05-27
I could have never known I needed this that bad,2024-05-27
JUST FOUND OUT MY FATHER IN LAW UNISEXğŸ”¥ğŸ”¥ğŸ”¥,2024-05-27
"Bro, howannaoficial reposted this claiming he made It. U gotta check that out",2024-05-27
This is fire,2024-05-27
I cought a wave is the craziest flow - and needs to be on the song,2024-05-27
Why is there no dj khaled lines,2024-05-27
I know you guys won't disappoint,2024-05-27
That Outro is so fire ğŸ”¥,2024-05-27
ğŸ‡°ğŸ‡ª ğŸ,2024-05-27
Have had this on repeat like 10 times haha this is the best. Reckon you could add mitus touch on the end?,2024-05-27
Already best song oat,2024-05-27
holy fuck that end bruh,2024-05-27
why he dissing uniqlo they have some good stuff,2024-05-27
CAN U BE ğŸ—£ CAN U BE ğŸ—£ CAN U BE ğŸ—£ CAN U BE ğŸ—£ CAN U BE ğŸ—£ CAN U BE ğŸ—£ CAN U BE ğŸ—£ CAN U BE ğŸ—£ CAN U BE ğŸ—£ CAN U BE ğŸ—£ CAN U BE ğŸ—£ CAN U BE ğŸ—£ CAN U BE ğŸ—£ CAN U BE ğŸ—£ CAN U BE ğŸ—£ CAN U BE ğŸ—£ CAN U BE ğŸ—£ CAN U BE ğŸ—£ CAN U BE ğŸ—£ CAN U BE ğŸ—£ CAN U BE ğŸ—£ CAN U BE ğŸ—£ CAN U BE ğŸ—£ CAN U BE ğŸ—£ CAN U BE ğŸ—£ CAN U BE ğŸ—£ CAN U BE ğŸ—£ CAN U BE ğŸ—£ CAN U BE ğŸ—£ CAN U BE ğŸ—£ CAN U BE ğŸ—£ CAN U BE ğŸ—£ CAN U BE ğŸ—£ CAN U BE ğŸ—£ CAN U BE ğŸ—£ CAN U BE ğŸ—£ CAN U BE ğŸ—£ CAN U BE ğŸ—£ CAN U BE ğŸ—£ CAN U BE ğŸ—£ CAN U BE ğŸ—£ CAN U BE ğŸ—£ CAN U BE ğŸ—£ CAN U BE ğŸ—£ CAN U BE ğŸ—£ CAN U BE ğŸ—£ CAN U BE ğŸ—£ CAN U BE ğŸ—£ CAN U BE ğŸ—£ CAN U BE ğŸ—£ CAN U BE ğŸ—£ CAN U BE ğŸ—£ CAN U BE ğŸ—£ CAN U BE ğŸ—£ CAN U BE ğŸ—£ CAN U BE ğŸ—£ CAN U BE ğŸ—£ CAN U BE ğŸ—£ CAN U BE ğŸ—£ CAN U BE ğŸ—£ CAN U BE ğŸ—£ CAN U BE ğŸ—£ CAN U BE ğŸ—£ CAN U BE ğŸ—£ CAN U BE ğŸ—£ CAN U BE ğŸ—£ CAN U BE ğŸ—£ CAN U BE ğŸ—£ CAN U BE ğŸ—£ CAN U BE ğŸ—£ CAN U BE ğŸ—£ CAN U BE ğŸ—£ CAN U BE ğŸ—£ CAN U BE ğŸ—£ CAN U BE ğŸ—£ CAN U BE ğŸ—£ CAN U BE ğŸ—£ CAN U BE ğŸ—£ CAN U BE ğŸ—£ CAN U BE ğŸ—£ CAN U BE ğŸ—£ CAN U BE ğŸ—£ CAN U BE ğŸ—£ CAN U BE ğŸ—£ CAN U BE ğŸ—£ CAN U BE ğŸ—£ CAN U BE ğŸ—£ CAN U BE ğŸ—£ CAN U BE ğŸ—£ CAN U BE ğŸ—£ CAN U BE ğŸ—£ CAN U BE ğŸ—£ CAN U BE ğŸ—£ CAN U BE ğŸ—£ CAN U BE ğŸ—£ CAN U BE ğŸ—£ CAN U BE ğŸ—£ CAN U BE ğŸ—£ CAN U BE ğŸ—£ CAN U BE ğŸ—£ CAN U BE ğŸ—£ CAN U BE ğŸ—£ CAN U BE ğŸ—£ CAN U BE ğŸ—£ CAN U BE ğŸ—£ CAN U BE ğŸ—£ CAN U BE ğŸ—£ CAN U BE ğŸ—£ CAN U BE ğŸ—£ CAN U BE ğŸ—£ CAN U BE ğŸ—£ CAN U BE ğŸ—£ CAN U BE ğŸ—£ CAN U BE ğŸ—£ CAN U BE ğŸ—£ CAN U BE ğŸ—£ CAN U BE ğŸ—£ CAN U BE ğŸ—£ CAN U BE ğŸ—£ CAN U BE ğŸ—£ CAN U BE ğŸ—£ CAN U BE ğŸ—£ CAN U BE ğŸ—£ CAN U BE ğŸ—£ CAN U BE ğŸ—£ CAN U BE ğŸ—£ CAN U BE ğŸ—£ CAN U BE ğŸ—£ CAN U BE ğŸ—£ CAN U BE ğŸ—£ CAN U BE ğŸ—£ CAN U BE ğŸ—£ CAN U BE ğŸ—£ CAN U BE ğŸ—£ CAN U BE ğŸ—£ CAN U BE ğŸ—£ CAN U BE ğŸ—£ CAN U BE ğŸ—£ CAN U BE ğŸ—£ CAN U BE ğŸ—£ CAN U BE ğŸ—£ CAN U BE ğŸ—£ CAN U BE ğŸ—£ CAN U BE ğŸ—£ CAN U BE ğŸ—£ CAN U BE ğŸ—£ CAN U BE ğŸ—£ CAN U BE ğŸ—£ CAN U BE ğŸ—£ CAN U BE ğŸ—£ CAN U BE ğŸ—£ CAN U BE ğŸ—£ CAN U BE ğŸ—£ CAN U BE ğŸ—£ CAN U BE ğŸ—£ CAN U BE ğŸ—£ CAN U BE ğŸ—£ CAN U BE ğŸ—£ CAN U BE ğŸ—£ CAN U BE ğŸ—£ CAN U BE ğŸ—£ CAN U BE ğŸ—£ CAN U BE ğŸ—£ CAN U BE ğŸ—£ CAN U BE ğŸ—£ CAN U BE ğŸ—£ CAN U BE ğŸ—£ CAN U BE ğŸ—£ CAN U BE ğŸ—£ CAN U BE ğŸ—£ CAN U BE ğŸ—£ CAN U BE ğŸ—£ CAN U BE ğŸ—£ CAN U BE ğŸ—£ CAN U BE ğŸ—£ CAN U BE ğŸ—£ CAN U BE ğŸ—£ CAN U BE ğŸ—£ CAN U BE ğŸ—£ CAN U BE ğŸ—£ CAN U BE ğŸ—£ CAN U BE ğŸ—£ CAN U BE ğŸ—£ CAN U BE ğŸ—£ CAN U BE ğŸ—£ CAN U BE ğŸ—£ CAN U BE ğŸ—£ CAN U BE ğŸ—£ CAN U BE ğŸ—£ CAN U BE ğŸ—£ CAN U BE ğŸ—£ CAN U BE ğŸ—£ CAN U BE ğŸ—£ CAN U BE ğŸ—£ CAN U BE ğŸ—£ CAN U BE ğŸ—£ CAN U BE ğŸ—£ CAN U BE ğŸ—£ CAN U BE ğŸ—£ CAN U BE ğŸ—£ CAN U BE ğŸ—£ CAN U BE ğŸ—£ CAN U BE ğŸ—£ CAN U BE ğŸ—£ CAN U BE ğŸ—£ CAN U BE ğŸ—£ CAN U BE ğŸ—£ CAN U BE ğŸ—£ CAN U BE ğŸ—£ CAN U BE ğŸ—£ CAN U BE ğŸ—£ CAN U BE ğŸ—£ CAN U BE ğŸ—£ CAN U BE ğŸ—£ CAN U BE ğŸ—£ CAN U BE ğŸ—£ CAN U BE ğŸ—£ CAN U BE ğŸ—£ CAN U BE ğŸ—£ CAN U BE ğŸ—£ CAN U BE ğŸ—£,2024-05-27
Its beautiful,2024-05-27
This version is fire. The only think i wud add which is personal preference is to have that one whispering girl in the mix which you hear on some of the more popular edits,2024-05-27
Good ass job,2024-05-27
I can't beliebe I'm here to see the day that Can U Be gets released! What a time to be alibe. I can Be finally!! ğŸ˜ğŸ˜ğŸ˜,2024-05-27
this is the best version. you really fixed the song. THIS IS HISTORYYY,2024-05-27
amazing edit,2024-05-27
"HOLY SHIT WHAT, IS THIS ENTIRE NEW VERSE LIKE AI OR SOMETHIN?",2024-05-27
goated âˆ,2024-05-27
THIS IS THE BEST FUCKING VERSION I'VE EVER HEARD,2024-05-27
Carrot,2024-05-27
god bless your soul,2024-05-28
Kanye had bars,2024-05-27
they better fix this song n drop it,2024-05-28
ğŸ”¥,2024-05-28
"regardless of your edit dude i really like it but kanye would definitely ruin the song, I think it sounds perfect without him",2024-05-27
what discord sever was the group buy ghing origanlh from im tryna join the server,2024-05-27
Shit goes hard asf,2024-05-27
FIREEEâ¤â¤â¤,2024-05-27
Will U Be?,2024-05-27
Starts at 0:58 btw,2024-05-28
porque te pones tan emoji onalğŸ˜­ğŸ˜­ğŸ™ğŸ™ğŸ—£ï¸â€¼ï¸,2024-05-28
i like it but thereâ€™s no way it coulda lived up to years of anticipation,2024-05-28
holy shit,2024-05-28
i contributed 200 to the groupbuy,2024-05-28
When will this release?,2024-05-28
We got Can u Be before GTA 6,2024-05-28
can u sleep,2024-05-28
Kanya b,2024-05-28
It's a crime this was never dropped,2024-05-28
People just be listening to ANYTHING now ğŸ’€,2024-05-27
"he really took that line from keys to my life from ""these text getting way to emojinal"" from can u be. crazy",2024-05-27
can u pee,2024-05-27
I'm waiting for Classy by Sheck wes and Don Toliver to Leak the snippet is 4 years old at this point almost half a decade later still waiting on that,2024-05-27
"With the full version of CUB, i can't even imagine of how many versions and yedits will be of Can U Be, beacuse, let's be honest, that yapping from the begginig doesn't fit there and in my opinion i'd like the song to be longer. But ngl... This is history moment at music leaks ğŸ‡°ğŸ‡ªğŸ",2024-05-27
"CAN YIPPEE!
CAN YIPPEE!
CAN YIPPEE!
CAN YIPPEE!
CAN YIPPEE!
CAN YIPPEE!
CAN YIPPEE!
CAN YIPPEE!
CAN YIPPEE!",2024-05-27
KENYA BEE,2024-05-27
Tf is that 1 minute intro bro,2024-05-27
Kanye bee ğŸ,2024-05-27
"ğŸ‡°ğŸ‡ª ğŸ 
ğŸ‡°ğŸ‡ª ğŸ 
ğŸ‡°ğŸ‡ª ğŸ 
ğŸ‡°ğŸ‡ª ğŸ",2024-05-27
fan edits better imo w never let me go as the intro and forever mitus as the outro,2024-05-27
2010 kanye vibes,2024-05-27
JUST FOUND OUT MY FATHER IN LAW UNISEXğŸ”¥ğŸ”¥ğŸ”¥,2024-05-27
real,2024-05-27
"CAN U LEAK
CAN U LEAK
CAN U LEAK
CAN U LEAK
CAN U LEAK
CAN U LEAK
CAN U LEAK
CAN U LEAK
CAN U LEAK",2024-05-27
THIS IS HAPPENING!!!,2024-05-27
Im so glad this was the first time I did a groupbuy,2024-05-27
I'M GOING CRAZY AS JESUS IM GOING BETHLE-HAM ğŸ”¥ğŸ”¥ğŸ”¥,2024-05-27
is the beginning a pharrell tag?,2024-05-27
this song is just not good at all top 5 worst ye,2024-05-27
Damn this is huge lets fucking go ğŸ™ğŸ™ğŸ™,2024-05-27
now we just need Living So Italian ğŸ¤,2024-05-27
"Damn I miss the â€œword to my niggas getting married, seriouslyâ€ bar",2024-05-27
We made it boys,2024-05-27
2:30 sounds more natural cause im use to being able to barely hear his verse ,2024-05-27
canyebee,2024-05-27
OH MY GOD!???!!!,2024-05-27
Older versions are not polished but they got more energy to it. I'm not sure about this one...sounds pretty boring to me especially without the crazy ass ending,2024-05-27
W adin as asual,2024-05-27
im bussingğŸ˜«ğŸ˜«ğŸ˜«,2024-05-27
WHERE'S THE GETTING WORRIED BARRRRRRğŸ˜­ğŸ˜­ğŸ˜­,2024-05-27
Goated,2024-05-27
Iâ€™m thinking of redoing it again!,2024-05-27
"delete this shi, 25k for mid aah goofy ohio don pollo prod by fade song. ğŸ˜­",2024-05-27
That sample intro is CRAZYYYYY,2024-05-27
dang if only it were finished,2024-05-27
This is ass,2024-05-27
I was here,2024-05-27
is the talking at the beginning of the song apart of the actual song or just to avoid copyright,2024-05-27
