title,content,published_on,link,source
Lana Del Ray criticised for wearing mesh mask to book signing in Los Angeles,Musician Lana Del Rey came under fire on social media after wearing a mesh face mask to a book signing,2020-10-05T21:29:00Z,https://news.sky.com,Sky News
Lana Del Ray wreaks havoc as she wears a mesh face mask,"Click to email this to a friend (Opens in new window)
Click to share on Twitter (Opens in new window)
Click to share on Facebook (Opens in new window)
A post shared by Lana Del Rey (@lanadelrey) on Oct 2, 2020 at 3:35pm PDT
â€œBorn to Dieâ€ in a bedazzled facemask?
Lana Del Ray was ridiculed on social media for wearing a rhinestone-encrusted mesh face mask for a meet-and-greet event with fans over the weekend in Los Angeles.
The 35-year-old singer made a spontaneous stop at a Barnes & Noble at The Grove to promote a new poetry book â€” and wore the mask, which doesnâ€™t appear to protect against coronavirus.
The â€œBorn to Dieâ€ singer also adorned the mesh mask on the cover of Interview magazine.
Los Angeles County COVID-19 guidelines ask that everyone wear a cloth face covering when interacting with people outside of their households, in both private and public spaces.
Fans and critics were not impressed with the singerâ€™s use of mesh mask, calling her â€œirresponsibleâ€ and â€œa danger to herself and others.â€
â€lana iâ€™m begging you wear a real mask,â€ one fan wrote on Instagram.
Another fan added, â€œpeople my age having serious conditions and getting Corona could easily kill them. You behave like my mom, your such a Karen, how old are you wtfâ€¦â€
Del Rayâ€™s sister, Caroline Grant, responded to the backlash, and told the Independent, her sister had â€œtested negativeâ€ and was standing â€œmore than six feet away,â€ at the signing.
Others called the singer a â€œKaren,â€ and created memes referencing the title of her album â€œBorn to Die.â€
On Sunday, Del Ray posted another video on Instagram wearing a leopard-print mask.
California currently has more than 831,000 confirmed cases of the coronavirus and over 16,000 deaths.",2020-10-05T06:46:50Z,https://pagesix.com,Page Six
Lana Del Ray enttÃ¤uscht Fans mit dieser Maske: So redet sie sich nun raus!,"US-SÃ¤ngerin Lana Del Rey sorgte mit einer von ihr getragenen Schutzmaske fÃ¼r Kritik. Diese bestand augenscheinlich aus Netz. Nun verteidigt sich der Star.
Los Angeles (USA) - US-SÃ¤ngerin Lana Del Rey (35, ""Video Games"") hat Kritik an einer von ihr getragenen Schutzmaske zurÃ¼ckgewiesen.
Diese Maske von Lana Del Rey (35) sorgt fÃ¼r Aufsehen. Sie trug die Netzmaske auf einer Buchvorstellung Ende September und posierte frÃ¶hlich mit ihren Fans. Â© Â© Screenshot/Twitter/ellefanning2001 & Screenshot/Instagram/yourgirlchuck
Anfang Oktober hatte die 35-JÃ¤hrige ein Video verÃ¶ffentlicht, das sie bei einer Autogrammstunde zur VerÃ¶ffentlichung ihres neuen Buchs zeigt.
Dort trug die Musikerin eine glitzernde grobmaschige Netzmaske, unter der ihr Gesicht zu erkennen. (TAG24 berichtete)
Von Fans hagelte es Kritik. Jetzt verteidigte Del Rey auf Twitter den extravaganten Mund-Nasen-Schutz: ""Die Maske hatte Plastik auf der Innenseite"", schrieb sie und teilte einen Artikel zu der Kontroverse.
Doch auch diese ErklÃ¤rung schien einige Fans nicht zu Ã¼berzeugen.",2020-11-18T14:09:00Z,https://www.tag24.de,TAG24
Summertime Sadness singer Lana Del Ray shows off engagement ring on Jimmy Fallon show,"Lana Del Ray is reportedly engaged to her singer beau Clayton Johnson.
The Summertime Sadness singer appeared on The Tonight Show staring Jimmy Fallon last night to perform her latest song Love You Like A Woman.
But while the 35-year-old exercised her haunting vocals, fans were distracted by her left hand as she cupped the microphone.
Sitting pretty on her left ring finger was a mammoth sparkler â€” again igniting rumours that Ray had recently said â€œyesâ€ to Johnson.
Camera Icon A close up of the ring in question Credit: YouTube
Whispers first began that the pair were engaged when Ray was snapped celebrating Halloween with her beau, with a ring clearly on that all important finger.
Camera Icon The happy couple were snapped in their costumes for Halloween, with a large ring apparent on Rayâ€™s wedding finger Credit: Instagram
But now a source close to the couple has reportedly confirmed to People that the rumours swirling are true, saying the pair initially met on a dating app.
Clayton, 31, and Ray began following each other on social media in August.
Ray, 35, also shared a photo to her social media three days ago that seemed to display her engagement ring, while promoting her upcoming appearance on the talk show.
It comes one year after the singer confirmed she was dating Live PD cop Sean â€˜Sticksâ€™ Larkin.
Ray had been photographed stepping out with the 45-year-old police officer in October of 2019, with the singer joking that she would have â€œworn something differentâ€ if she knew the paparazzi would follow them.
â€œItâ€™s funny because I was with someone for years and we never had that problem,â€ she said.
Ray also explained why she wasnâ€™t phased by her fansâ€™ eagerness to know the details of her love life, saying she understood because she cared â€œwhat Bob Dylan is doing right nowâ€.
â€œIâ€™m curious to know if heâ€™s wearing a hoodie or a blazer, I get it,â€ she said.",2020-12-16T06:22:00Z,https://www.perthnow.com.au,PerthNow
Lana Del Ray is engaged to singer Clayton Johnson: report,"On â€œThe Tonight Show,â€ Del Rey performed the song â€œLet Me Love You Like a Woman,â€ which she released in October. The single is part of her upcoming album â€œChemtrails Over the Country Club,â€ due out next year.",2020-12-16T03:31:55Z,https://www.nydailynews.com,New York Daily News
Lana Del Rey schockiert ihre Fans: Die SÃ¤ngerin hatte einen Unfall!,"SÃ¤ngerin Lana Del Ray hat sich beim Eislaufen ihren Arm gebrochen. Sie hatte fÃ¼r ihr ein neues Video ihres Albums ""Chemtrails Over The Country Club"" gedreht.
Los Angeles - Schock fÃ¼r die Fans der SÃ¤ngerin Lana Del Rey (""Summertime Sadness"")! Die 35-JÃ¤hrige hat sich beim Eislaufen ihren Arm gebrochen.
SÃ¤ngerin Lana Del Rey (35) hat sich beim Eislaufen ihren Arm gebrochen! Auf Instagram zeigt sie ein Bild der Bandage (r). Â© Instagram/Bildmontage/lanadelray
Huch, wie konnte das nur passieren? Auf ihrem Instagram-Account zeigt sich der brÃ¼nette Star mit der auÃŸergewÃ¶hnlichen Stimme mit bandagierten Arm. Dabei sitzt sie vor einigen Alben und lÃ¤chelt leicht in die Kamera.
Lana hat sich doch tatsÃ¤chlich beim Videodreh fÃ¼r ihr neues Album ""Chemtrails Over The Country Club"" den Arm gebrochen. Die 35-JÃ¤hrige erklÃ¤rt, sie habe gedacht, dass sie nach wie vor ein richtiger Profi beim Eislauf wÃ¤re. Anscheinend eine Fehlannahme.
""Ich bin auf meinen schÃ¶nen Schlittschuhen umgekippt, bevor das Video Ã¼berhaupt angefangen hat"", schreibt sie. MÃ¼ssen sich die Fans denn nun etwa groÃŸe Sorgen machen?
Die ""Cinnamon Girl""-SÃ¤ngerin gibt zugleich Entwarnung. ""Meine Fraktur ist nicht so schlimm, passt irgendwie zu meinem neuen Eimer-Hut."" Besagten Hut trÃ¤gt die sonst so auf zarten Kleidungsstil fokussierten Dame auf ihrem Kopf.
Die Fans senden ihr viele GenesungswÃ¼nsche. Andere witzeln, dass es bestimmt eine LÃ¼ge sei, dass sich Lana beim Eislauf den Arm gebrochen habe. ""Wir wissen doch alle, dass das passiert ist, weil du die gesamte Musikindustrie auf deinen Armen trÃ¤gst!""
Die SÃ¤ngerin bringt bereits jetzt ihre AnhÃ¤nger zum Ausrasten. Auf YouTube teaserte sie kÃ¼rzlich ihr neues Album, welches im Januar 2021 erscheinen wird, kurz an. Der nur 20 Sekunden lange Clip hat bereits mehr als 500.000 Aufrufe erhalten.",2020-12-29T08:21:00Z,https://www.tag24.de,TAG24
Lana Del Ray schockiert ihre Fans: Die SÃ¤ngerin hatte einen Unfall!,"SÃ¤ngerin Lana Del Ray hat sich beim Eislaufen ihren Arm gebrochen. Sie hatte fÃ¼r ihr ein neues Video ihres Albums ""Chemtrails Over The Country Club"" gedreht.
Los Angeles - Schock fÃ¼r die Fans der SÃ¤ngerin Lana Del Ray (""Summertime Sadness"")! Die 35-JÃ¤hrige hat sich beim Eislaufen ihren Arm gebrochen.
SÃ¤ngerin Lana Del Ray (35) hat sich beim Eislaufen ihren Arm gebrochen! Auf Instagram zeigt sie ein Bild der Bandage (r). Â© Instagram/Bildmontage/lanadelray
Huch, wie konnte das nur passieren? Auf ihrem Instagram-Account zeigt sich der brÃ¼nette Star mit der auÃŸergewÃ¶hnlichen Stimme mit bandagierten Arm. Dabei sitzt sie vor einigen Alben und lÃ¤chelt leicht in die Kamera.
Lana hat sich doch tatsÃ¤chlich beim Videodreh fÃ¼r ihr neues Album ""Chemtrails Over The Country Club"" den Arm gebrochen. Die 35-JÃ¤hrige erklÃ¤rt, sie habe gedacht, dass sie nach wie vor ein richtiger Profi beim Eislauf wÃ¤re. Anscheinend eine Fehlannahme.
""Ich bin auf meinen schÃ¶nen Schlittschuhen umgekippt, bevor das Video Ã¼berhaupt angefangen hat"", schreibt sie. MÃ¼ssen sich die Fans denn nun etwa groÃŸe Sorgen machen?
Die ""Cinnamon Girl""-SÃ¤ngerin gibt zugleich Entwarnung. ""Meine Fraktur ist nicht so schlimm, passt irgendwie zu meinem neuen Eimer-Hut."" Besagten Hut trÃ¤gt die sonst so auf zarten Kleidungsstil fokussierten Dame auf ihrem Kopf.
Die Fans senden ihr viele GenesungswÃ¼nsche. Andere witzeln, dass es bestimmt eine LÃ¼ge sei, dass sich Lana beim Eislauf den Arm gebrochen habe. ""Wir wissen doch alle, dass das passiert ist, weil du die gesamte Musikindustrie auf deinen Armen trÃ¤gst!""
Die SÃ¤ngerin bringt bereits jetzt ihre AnhÃ¤nger zum Ausrasten. Auf YouTube teaserte sie kÃ¼rzlich ihr neues Album, welches im Januar 2021 erscheinen wird, kurz an. Der nur 20 Sekunden lange Clip hat bereits mehr als 500.000 Aufrufe erhalten.",2020-12-29T08:21:00Z,https://www.tag24.de,TAG24
Hayley Williams / St. Vincent / Lana Del Ray ç¿»å”±åæ›²åšå–„äº‹,2020 å¹´çš„è–èª•çµ‚æ–¼åˆ°ï¼Œä»£è¡¨å¤§å®¶çµ‚æ–¼å·®ä¸å¤šéæ¸¡åˆ°é€™è‰±è¾›çš„ä¸€å¹´ï¼Œä½†ä¸ä»£è¡¨å°±å¯ä»¥é–‹é¦™æª³è·³èµ· yeahï¼Œä»æœ‰å¾ˆå¤šäººå¾ˆå¤šç¤¾ç¾¤éœ€è¦å¹«åŠ©ã€‚è€Œæ¨‚éšŠ Bleahers çš„ä¸»éŸ³åŠéŸ³æ¨‚ç›£è£½ Jack Antonoff å’Œä»–å§Šå§Š Rachel Antonoffï¼Œä¸»ç†äº†ä»Šæ¬¡åœ¨ç¶²ä¸Šèˆ‰è¡Œçš„ã€Œ7th annual Ally Coalition Talent Showã€ï¼Œä¸»è¦æ˜¯æ”¯æŒå¹´è¼•çš„ LGBTQ+ ç¾¤çµ„ï¼Œè¡¨æ¼”æ›´å…¶ä¸­è«‹ä¾†äº† Hayley Williamsã€Lana Del Rey å’Œ St. Vincent åƒèˆ‡ï¼,2020-12-23T09:41:28Z,https://www.hk01.com,é¦™æ¸¯01
"Marilyn Manson Body-Shames Lana Del Rey, Allegedly Calls Her ""Lasagna Del Ray""","Marilyn Manson has been battling violent abuse allegations for most of the new month, already being exposed as an apparently insatiable bully. Based on some leaked text messages of the rocker between him and an Instagram user known as Annie Abrams (initially confused for a True Blood actress, view her IG post on that below), he was a part of the fat-shaming mob that poked fun of songstress Lana Del Rey after she was captured by the paparazzi's camera.
The ""Summertime Sadness"" crooner appeared to have gained a bit of weight during the COVID-19 quarantine, promoting many people, including Manson, to make fun of her build. Manson allegedly sent a photo of Del Rey to Abrams before commenting on her appearance, prefacing his statements with ""Not body shaming. Or whatever,"" before continuing, ""But that pic is f**king crazy. It's like Vince Neil bad.""
The metal singer continued his attack on Del Rey, dubbing the songstress ""Lasagna Del Ray"" to further ridicule her for her weight gain. He then explained his personal relationship with the Grammy-nominated artist, explaining, ""I know her. And my good friend was dating her and hilariously enough I did a photo shoot that they used her hair extensions dyed black and I had an octopus on my head."" He went on to claim in the messages, ""She is really complicated. I'll leave it at that.""
As mentioned briefly before, Manson is currently facing allegations of abuse from his ex-fiancee Evan Rachel Wood, who outed the disgraced singer for ""grooming"" and ""horrifically"" abusing her for years. Since then, numerous women have come forward with their own allegations against the singer.
Manson has denied the allegations in an Instagram post, writing, ""Obviously, my art and my life have long been magnets for controversy, but these recent claims about me are horrible distortions of reality. My intimate relationships have always been entirely consensual with like-minded partners. Regardless of how - and why - others are now choosing to misrepresent the past, that is the truth.""
[via]",2021-02-07T21:55:40Z,https://www.hotnewhiphop.com,HotNewHipHop
Lana Del Ray: â€Chemtrails Over The Country Clubâ€œ,"Auf dem neuen Album der KÃ¼nstlerin geht es wieder vor allem um sie selbst. Aber warum das zu einem Problem machen?
Von Joachim Hentschel
Vor knapp zwei Wochen stellte der Film-Stuntman Hunter Ray Barker im Nordwesten von Los Angeles ein blaues Kinderplanschbecken vor dem ""Los Toros"" auf, seinem Lieblings-Mexikaner. FÃ¼llte es mit Kidneybohnen, lieÃŸ sich fÃ¼r 24 Stunden in der Pampe nieder, um Spenden fÃ¼r das coronagefÃ¤hrdete Restaurant zu sammeln. Und bekam nachmittags glamourÃ¶sen Besuch. Die SÃ¤ngerin und Songwriterin Lana Del Rey schaute vorbei, im roten Kapuzenpullover. Sprach ihre SolidaritÃ¤t aus und postete das Foto fÃ¼r ihre mehr als 18 Millionen Instagram-Fans. Unter das heitere Bild schrieb sie: ""Don't ask why."" Fragt nicht nach dem Grund.
Abgesehen davon, dass sich Lana Del Rey in der Ã–ffentlichkeit sonst von Bohnenzubereitungen aller Art weitgehend fernhÃ¤lt, ist der Nukleus der Geste ganz typisch fÃ¼r sie. Nehmt das Bild, so schÃ¤big es ist, scheint sie hier zu sagen. Nehmt es fÃ¼r seine Aura, seine amerikanische Momentaufnahmenhaftigkeit, aber fragt nicht, was es bedeuten soll. Was ja selbst dann die falsche PrimÃ¤rreaktion wÃ¤re, wenn man bei Julia Stoschek vor einem Monitor mit abgefahrenen Drohnenvideos steht und Ã¼berlegt, ob es hier irgendetwas zu kapieren gibt.
Die SZ-Redaktion hat diesen Artikel mit einem Inhalt von Youtube angereichert Um Ihre Daten zu schÃ¼tzen, wurde er nicht ohne Ihre Zustimmung geladen. Inhalt jetzt laden Ich bin damit einverstanden, dass mir Inhalte von Youtube angezeigt werden. Damit werden personenbezogene Daten an den Betreiber des Portals zur Nutzungsanalyse Ã¼bermittelt. Mehr Informationen und eine WiderrufsmÃ¶glichkeit finden Sie unter sz.de/datenschutz. Dieser externe Inhalt wurde automatisch geladen, weil Sie dem zugestimmt haben. Zustimmung widerrufen und Seite neu laden
Dennoch handle Lana Del Rey am Ende immer nur von sich selbst, sagen ihre Kritiker
Lana Del Rey ist allerdings Entertainerin, schreibt Songs mit viel Text, hat gewaltige Erfolge. Und ihre Pop-Inszenierungen als frÃ¼he Joan Didion und noch frÃ¼here Lauren Bacall sind derart spektakulÃ¤r und cineastisch, dass man kaum drum herumkommt, in ihnen auch immer die Geschichten zu suchen. Den erzÃ¤hlerischen Drive, den man eigentlich erwarten dÃ¼rfen sollte, wenn jemand im kirschroten Mercedes-500-K-Cabrio durchs Video fÃ¤hrt.
Dennoch handle Lana Del Rey am Ende immer nur von sich selbst, sagen ihre Kritiker. Von sich und den alten, wasserdicht nostalgischen, vermeintlich entpolitisierten Bildern, die sie herunterblÃ¤ttere wie in einem stinklangweiligen Vintage-Style-Account auf Pinterest. Dass das freilich eine Frage des Blickwinkels ist, dass Del Rey wohl nie eine Chance hat, als groÃŸe GegenwartskÃ¼nstlerin anerkannt zu werden, solange die Leute immer schon an ihrem Lipgloss abglitschen, ist eine andere Sache.
Detailansicht Ã¶ffnen
Auf ""Chemtrails Over The Country Club"", ihrem neuen, siebten Studioalbum, singt Lana Del Rey Ã¼brigens in der Tat vor allem von sich selbst. Es ist ihre Hybris-Platte, ihr ""Ich knabbere schwer an meinem Ruhm""-Liederzyklus, ihr Abschiedsbrief an die HÃ¤schenphase der Karriere. Wie autobiografisch das im Einzelnen gemeint sein kÃ¶nnte, ist - wie beim neuen Christian-Kracht-Roman - die mit Abstand Ã¶deste Frage, die man ans Kunstwerk stellen kann. Als mittelgroÃŸe, bereits spÃ¤tsommerliche Inszenierung funktioniert ""Chemtrails Over The Country Club"" jedenfalls so luftabschnÃ¼rend gut, dass man Del Rey sowieso jedes Wort glauben will, das sie ins starke, digital hochaufgelÃ¶st Laurel-Canyon-2021-Echo hineinwispert.
Dass diese Musik durch und durch weiÃŸ ist, ist ja alles andere als verwerflich
Und ja, es wird viel gewispert auf dem ""Chemtrails""-Album. Allerdings schon im ersten Song ""White Dress"" auf so Ã¼beraus unbescheidene, vorlaute Art, dass Lana Del Rey die Stimme buchstÃ¤blich Ã¼berschnappt. Hier erzÃ¤hlt sie, begleitet von einer kleinen Nightclub-Combo, Ã¼ber die BerufsanfÃ¤nge als Kellnerin, die es ins Musikbusiness verschlÃ¤gt und sich dort derart in die Ereignisse verheddert, dass die Zeilen des Songs vor lauter Silben fast zu platzen drohen. 40 Minuten spÃ¤ter, gegen Ende der Platte, wird sie in ""Dance Till We Die"" am dramaturgischen Scheitelpunkt ankommen, an dem nur noch die Flucht aus dem Alltag des Ruhms mÃ¶glich scheint. Sie tanzt mit Joan Baez, telefoniert mit Stevie Nicks. Covert mit den SÃ¤ngerinnen Zella Day und Weyes Blood, superfrech und superschlÃ¼ssig, das StÃ¼ck ""For Free"", in dem Joni Mitchell 1970 Ã¼ber entfremdete Arbeit im Kulturgewerbe klagte. Die Musik ist durchweg sparsam, man hÃ¶rt die Fingerkuppen auf den Saiten, die leise knackenden Schlagzeuger-Gelenke. Beziehungsweise das, was die Felsen der Santa Monica Mountains davon zurÃ¼ckhallen lassen.
Zuletzt hat Lana Del Rey versucht, sich in die Diversity-Diskurse einzuschalten, hier doch noch Punkte zu holen, die ihr als ultraweiÃŸer Retro-Style-Ikone bislang verwehrt blieben. Es ging desastrÃ¶s nach hinten los - was allein deshalb schade ist, weil sie ""Chemtrails Over The Country Club"" auch fÃ¼r sich allein hÃ¤tte sprechen lassen kÃ¶nnen, als, siehe oben, wirklich starke Sisterhood-Platte. Dass diese Musik durch und durch weiÃŸ ist, wie das Kleid der Kellnerin, die Leinwand vor dem Filmstart oder eben die verdammten Kondensstreifen, ist ja alles andere als verwerflich. Solange sie so beweglich, anschlussfÃ¤hig und nachhaltig atemberaubend ist, wie viele es der KÃ¼nstlerin eh nie zugestehen werden.",2021-03-19T14:45:35Z,https://www.sueddeutsche.de,SÃ¼ddeutsche Zeitung
TikTok hamsters and Lana Del Ray - how TikTok cults work,"Forget fandoms, the new thing is TikTok â€œcultsâ€ which are raging across the popular Gen Z video-sharing app.
Now before you get too confused, these are online communities seeking to take over TikTok so no biggie.
A signifier of being a member of these â€œcultsâ€ is adopting a certain profile picture to let others know you are part of their online crew. At the moment, they are two rivals fighting to be the ultimate online collective. There have been more like this The New York Times piece explains.
The currently trending TikTok cult is for Lana Del Rey, started by fans who wanted to counteract the backlash she has been receiving and helping to promote her new album Chemtrails Over The Country Club. They have taken matters into their own hands, becoming an army of promoters for the pop star.
The Hamster Cult sprung up to go against this narrative, and takes a post first found on Know Your Meme in 2019 to be their mascot. It became a part of TikTok history after being posted by user @beanboy22.
Interested in joining either of these groups? Well, entry is easily achieved. All you need to do is change your profile picture, comment your allegiance on other usersâ€™ videos and the follows should come pouring in. Donâ€™t believe us? Look at this recent userâ€™s activity.
One of the appâ€™s biggest creators, Addison Rae joined in on the fun, switching her avatar to that of the hamster.",2021-03-01T17:04:29Z,https://www.indy100.com,indy100
Lana Del Ray checks out of Hotel California,"Despite the various directives from our healthcare commissars, pop sensation Lana Del Rey spent the past year traveling. And unlike those commissars, she actually likes what most of this country offers.
Her new album, Chemtrails Over the Country Club, is a spiritual successor to 2019â€™s Norman F---ing Rockwell!, on which Del Rey lamented the decline of her adopted state, California, and the millions of men there seemingly incapable of appreciating her boundless affection. If the 19th-century refrain was ""Go West, young man,"" ours may turn out to be ""Rent a U-Haul before it's too late.""
Wherever Del Rey goes, heartbreak follows. In â€œTulsa Jesus Freak,â€ she begs her Christian lover to â€œsing me like a Bible hymnâ€ and tells him, â€œWe should move back to Arkansas.â€ Sheâ€™s happy to accommodate his taste for cheap gin if it means an escape from Los Angelesâ€™s smog and botox. (The Tulsa Jesus Freak is likely Sean Larkin, a former police officer who hosted Live PD, a COPS rip-off yanked from the air in the wake of George Floydâ€™s death last summer.)
Wonâ€™t any man let Lana love him like a woman and hold him like a baby? That question, as in Del Reyâ€™s past albums, often drives her to substance abuse or to mythologize amateur boxers and mysterious men in dive bars. Sure, these guys arenâ€™t the most reliable, but at least theyâ€™re men. Good luck finding those in coastal California.
Itâ€™s a refrain weâ€™ve heard from Del Rey countless times, and yes, it can be a bit exhausting. Sheâ€™s an â€œold soulâ€ in the age of Instagram and butt implants, a cute sentiment that sometimes grows tired when you consider youâ€™re listening to the boy problems of a celebrity. If she were a man, sheâ€™d be your friend who spends too much money on shoes, holds the door open for every woman he sees, and then complains about how no one on Tinder appreciates nice guys anymore.
But Del Rey is wise enough to recognize that the countryâ€™s celebrity culture drives all of us mad, not just those who can cut the line at trendy nightclubs. And thatâ€™s where sheâ€™s most relatable. Her journey out of Los Angeles is an acknowledgment that the regular folk, with their bibles and bottom-shelf liquor, may be on to something. Del Reyâ€™s California, with its never-ending forest fires, smog, and narcissism, appears to be the subject of divine wrath.
The albumâ€™s opening track, the delicate piano ballad â€œWhite Dress,â€ brings the listener back to Del Reyâ€™s time as a waitress in Long Island, when she felt more honest and free. In her telling, being a sex symbol in a small-town diner is a lot more liberating than having your photo on the cover of Rolling Stone, something young women should think about before creating an OnlyFans account.
Thereâ€™s an impulse among some of Del Reyâ€™s fans and critics to project their own social values onto her and her work. These efforts usually end up only half-right. Yes, her belief in the complementary nature of the two sexes is central to understanding her romantic woes. Yes, much of her work is an implicit rejection of the â€œgirl bossâ€ attitude of contemporary feminism.
A traditional woman or prude, however, Del Rey is not. She embraces her sexuality in a way thatâ€™s more tasteful than Cardi B but would still make a midcentury nun faint. For Lana, sex is power. She just acknowledges that men have power, too.
As much as she coos about wanting to be left alone, Del Rey seemingly revels in the controversy she brings. The album title alone, Chemtrails over the Country Club, is a not-so-subtle wink to the kind of conspiracy theorists our government has deemed an existential threat to the republic. During one of her first promotional interviews for the album, she expressed sympathy for those who participated in the Capitol riot.
â€œI know this is a long answer, but I think this is really the most important thing Iâ€™ll say in this interview. I think, for the people who stormed the Capitol, itâ€™s disassociated rage,â€ she told the BBC, before saying she didnâ€™t even think then-President Donald Trump meant to incite violence. â€œThey want to wild out somewhere, and itâ€™s like, we donâ€™t know how to find a way to be wild in our world, and at the same time, the world is so wild.""
The disavowals from music critics were swift, and although Del Rey offered a milquetoast clarification of her comments, her album still shot up to No. 1 on the charts. Itâ€™s one worth listening to â€” for its flashes of beauty, of course, but also because Del Rey is one of the few remaining artists who doesnâ€™t hate half the country. Her love for America is the source of much of her pain, but luckily for us, it makes for great music, too.
Joseph Simonson is a Washington Examiner political reporter.",2021-04-02T07:00:18Z,https://www.washingtonexaminer.com,Washington Examiner
Lana Del Rayâ€™s â€˜Born to Dieâ€™ Videos: Collaborators Talk Classic Clips,"On Lana Del Reyâ€™s debut album, 2012â€™s Born to Die, she sings of loss, love, evil, goodness, money, fame, destruction and redemption. With vivid lyrics, seductive strings, and dark, brooding guitar twangs, each song sounds like a scene from a movie. With lyrics so vivid and descriptive, itâ€™s easy for the listener to create their own version of each songâ€™s music video in their head â€“ but Lana had very specific visions in mind.
Explore Explore Lana Del Rey See latest videos, charts and news See latest videos, charts and news
Through striking camera techniques and visual effects, Lana Del Rey was able to create a cinematic universe with each of the music videos from. Born to Die, which turns 10 today (January 27). Although Lana began the Born to Die era by self-releasing several videos comprised of clips from old movies, including ones for â€œCarmen,â€ â€œDiet Mountain Dew,â€ and her breakout single â€œVideo Games,â€ she later connected with other artists who were able to bring her cinematic visions to life â€“ aligning with the overall themes of the album, and helping Born to reach No. 2 on the Billboard 200 albums chart and triple-platinum certification from the RIAA.
In the music video for the albumâ€™s title track â€œBorn to Die,â€ the first to receive a proper budget and video treatment, we get a glimpse of Lanaâ€™s idea of heaven. Directed by Yoann Lemoin (better known as Woodkid), alongside Andre Chemetoff, who served as the director of photography, â€œBorn to Dieâ€ was filmed at the Palace of Fontainebleau in France, in which Chemetoff and crew helped recreate a Romanian castle.
Portions of the video were shot in the Palace of Fontainebleauâ€™s Trinity Chapel, where Lana is seated on a throne between two tigers. Lana and the tigers were filmed separately, and with the tigers, the crew â€œused this crane to replicate [the tigersâ€™] moves,â€ Chemetoff says. â€œWe would do several takes, but Lana was never close to the tigers.â€
Additional clips see Lana and her lover, played by model Bradley Soileau, driving in a car, making out and taking a fateful trip, in the end of which, Soileau is seen carrying Lanaâ€™s bloodied corpse.
Star-crossed love is a recurring theme on Born to Die. Albeit not as dark as the title track, â€œBlue Jeansâ€ tells the story of a woman lamenting a lover who walks out of her life in pursuit of â€œchasing paperâ€ and getting â€œcaught up in the game.â€ Also directed by Lemoine, the songâ€™s visual is a brooding ode to film noir, shot in black and white.
Soileau also appears in this video, reuniting with Lana for another ill-fated love story â€“ this time, poolside in a 1950s Hollywood home. In the pool, joined by two alligators, Soileau and Lana enjoy a swim, before meeting their implied demise by drowning â€“ Lana, in the arms of Soileau. To this day, the videoâ€™s producer Oualid Mouaness says it is his most beautiful work, one he was determined to execute without compromise.
â€œLana was quite present and wonderfully real in her process with us on this video,â€ Mouaness says. â€œShe had worked with [Lemoine] on â€˜Born to Dieâ€™ prior to this, so there was a certain level of comfort. â€˜Blue Jeans,â€™ was, in some way, the prequel to â€˜Born to Die.â€™ She approached the filming as an actor would. She knew she had to embody a character â€“ one that is desperate for love and all the beauty that comes with it.â€
The biggest hit from the album â€“ and perhaps one of the most memorable songs of this era â€“ was â€œSummertime Sadness.â€ While the album version remains one of Lanaâ€™s signature songs, a remixed version of the song by Cedric Gervais didnâ€™t take off until over a year after the originalâ€™s release. The new version peaked at No. 6 on the Billboard Hot 100 chart, marking Lanaâ€™s first entry into the top 10, and still her highest charting song to date. (Unaware of how successful the song would later prove to be, Interscope Records did not provide a budget for the songâ€™s accompanying visual, according to director Spencer Susser.)
Lana conceived the idea for the â€œSummertime Sadnessâ€ video with actress Jaime King, who co-stars in the video. The video opens with a flash forward of Lana jumping to her death from a cliff. Throughout the video, King drives to a bridge, as visions of Lana appear to her in the passenger seat. King jumps off the bridge, and when Lana learns of Jamieâ€™s death, she jumps from a cliff, joining her in the afterlife. Then, the two smile, laugh and share moments of bliss.
When Lana and King came up with the ideas, King later called Susser, who at the time hadnâ€™t heard of Lana, to invite him to plan a treatment â€“ along with Kingâ€™s then-husband, Kyle Newman. King sent Susser â€œSummertime Sadness,â€ and within 15 minutes, Susser headed over to King and Newmanâ€™s home to lay out the concept for the video.
â€œ[â€œSummertime Sadnessâ€ is] the idea of this love story, or friendship, or whatever you want it to be, that was broken up by a death,â€ Susser says. â€œAnd the idea that life without your best friend or your lover isnâ€™t fulfilling enough, so you want to join them wherever they are, whatever that is.â€
To shoot the video, Susser used a camera with 16mm film, an iPhone 4S, an iPad and an app to create â€œsuper 8â€ effects. Clips of King and Lana dancing and having fun at a party are interspersed throughout the visual, sequences shot by Newman on an iPhone at a party in the home of film director Eli Roth.
The scene with King contemplating suicide and jumping from a bridge transpire within the matter of seconds, which is about how long the crew was able to film this part. According to Susser, while he, Newman, King and Lana were filming, he heard a helicopter flying and noticed a light moving past Kingâ€™s face.
â€œI thought, â€˜Oh, maybe itâ€™s a camera thing,â€™â€ Susser says. â€œAs I go to take my eye off the eyepiece, this loudspeaker, like the voice of God says, â€˜What youâ€™re doing is illegal, get off the bridge.â€™ And I look up and thereâ€™s this helicopter hovering over us. And theyâ€™re talking to us on the loudspeaker. So we scram, and it was quite dramatic.â€
To close the Born to Die era, Lana Del Rey released the video for â€œNational Anthem,â€ a short film inspired by John F. Kennedy and Jackie Onassis Kennedy. In the Anthony Mandler-directed clip, Lana channels both Marilyn Monroe and Jackie O, alongside rapper A$AP Rocky, who embodies JFK.
The nearly eight-minute long visual shows Lana and Rocky partying, dancing in an Oyster Bay mansion and on yachts, and spending time on the beach with their three children. Toward the end, Rocky is shot off-screen as he and Lana are riding in a car; Lana then reads a forlorn monologue from the perspective of Jackie O, reflecting on her time with Rockyâ€™s JFK: â€œI always got the sense that he became torn between being a good person and missing out on all of the opportunities that life could offer a man as magnificent as himâ€¦ And in that way, I understood him and I loved him.â€
The video was shot in New York City, with Lanaâ€™s creative team only having two weeks to plan and execute the shoot. â€œThe creative was and is not an easy type of project to pull off in a short period of time,â€ says Heather Heller, a producer of the â€˜National Anthemâ€™ video, â€œespecially with the locations and storyline needed. How do you re-create the JFK assassination with A$AP Rocky as JFK in a music video in less than two weeks?â€
The â€œNational Anthemâ€ video was unlike anything Heller had ever worked on before, but ultimately, the challenge of the shoot is what excited her about the project. â€œWe set out to find the locations that would look like Texas and Cape Cod in New York, and ultimately we did. I had always been fascinated with Camelot and the entire era and story. Itâ€™s both so tragic, yet romantic and glamorous at the same time. When I read the concept I was completely hooked.â€
Heller, Mandler and crew filmed the video using super 8, 16mm and 35mm film. Lanaâ€™s longtime stylist, Johnny Blueeyes, helped her recreate Monroe and Jackie Oâ€™s aesthetics â€“ but according to Heller, becoming these icons â€œwas all Lana,â€ as she easily assumed form after the production team set the stage.
Heller would later produce the video for â€œRideâ€ and a short film called â€œTropico,â€ both of which accompany an extended version of Born to Die subtitled The Paradise Edition. â€œAll of the videos we made during that period were more like films than music videos,â€ Heller says. â€œIt definitely tested me as a producer, and I donâ€™t know if I have made anything as great or difficult as these three pieces since.â€
Although the Born to Die era is often associated with its old-Hollywood references and motifs, Heller remembers Lana as someone who values her looks and image, but always makes sure it doesnâ€™t overshadow the message of the work. â€œShe is not looking for a designer wardrobe or the most perfect hair,â€ Heller says, â€œshe is looking to become the character that she is portraying.â€
Born to Die helped Lana garner a cult following, and even helped popularize a â€œTumblr girlâ€ and â€œInstagram hottieâ€ aesthetic. Over the past decade, Lana has played around with her look, and although sheâ€™s traded in the flower crowns, croptowns and white gowns for sweaters, baseball caps and mall dresses, the cinematic quality of the music videos from this era is undeniable and inimitable. Having undergone several rebrands after recording music under the names May Jailer and Lizzy Grant, Lana Del Reyâ€™s reintroduction of herself to the world set a high bar to a new audience, creating visual elements that would still feel iconic 10 years later.
Lana Del Rey â€œwill work until she drops,â€ says Hellet. â€œShe will give you everything she has, and she is magic on screenâ€¦Music has changed so much in the last 10 years, especially for female artists and what we see in her is a woman in charge of her own voice, touching on all aspects of the female psycheâ€”sexuality, beauty, strength, frailty, power and freedom. She speaks for women in such an authentic way. She doesnâ€™t pander to anyone. She is completely, unapologetically Lana.â€",2022-01-27T18:34:07Z,https://www.billboard.com,Billboard
Jack Grealish set to sign curve-ball deal with Gucci,"Among the moments that defined the summer of 2021 was talk of Jack Grealishâ€™s flowing tresses â€“ and bulky calves â€“ as the country watched England battle for the World Cup title.
Now, Italian luxury brand Gucci is said to be after a slice of the footballers fame. The Athletic reports the England and Manchester City player is ""on the verge"" of signing a seven-figure deal with the fashion house.
Grealish became Britain's most expnesive player last summer, in a Â£100 million transfer / The FA via Getty Images
It has been described as â€œunprecedentedâ€ for Gucci, which has so far stuck to pop culture celebrities like Harry Styles, Jared Leto and Lana Del Rey when it comes to brand ambassadors.
Recently they have been more experimental with their choices, recruiting TikTok train spotter Francis Bourgeois to model their North Face collaboration campaign in January, as well as attend and document their Milan Fashion Week catwalk in March.
The footballer poses with Stormzy in Gucci monogram shorts / @jackgrealish Instgram
But signing Grealish, who became Britainâ€™s most expensive footballer when he moved from Aston Villa to Manchester City for Â£100 million in the summer, would mark a stark shift for the brandâ€™s marketing direction. If completed, it likely represents a push on Gucciâ€™s commercial side, which focusses on selling logo-heavy trainers, sweatshirts and leather goods, of which the footballer is already a fan.
It would also mark an upgrade in price and quality compared with the distressed flame print jumpers and camo cargo pants Grealish is currently promoting from his Boohooman X Jack Grealish collection. Not to mention an upgraded pay check, which will be more than four times greater than the Â£250,000 The Mail on Sunday reported Grealish was paid by Boohoo last August.
One for Jack? Gucci has pushed androgynous dressing at their recent shows / Getty Images fo Gucci
And it all remains a far cry from the romantic, whimsical and often androgynous clothes which Creative Director Alessandro Michele shows on the runway, promoted with quirky, mix-and-match styled campaigns, and engineers into viral moments - like when Harry Styles wore his blue lace dress on the cover on US Vogueâ€™s 2020 December issue.
That might be set to change. Will Grealish be spotted in the next Gucci perfume advert, like Styles was the face of their Flora scent? It would be disconnected from the brandâ€™s current aesthetic. But having forked out millions, Gucci may well want to get their moneyâ€™s worth.",2022-04-05T07:56:20Z,https://www.standard.co.uk,Evening Standard
Taylor Swiftâ€™s Midnights Features Lana Del Ray: See Track List,"Watch : Is Taylor Swift's Song Karma About Kanye West?
Taylor Swift wanted our midnights, and it seems her goal was well achieved.
The ""All Too Well"" singer made sure she gave fans a sleepless night by revealing the complete track list of her new album Midnights in a series of new TikToks. One of which included an exciting collaboration with Lana Del Rey.
Up until now, T. Swift had been releasing the name of only one song at midnight as part of her ""Midnights Mayhem With Me,"" series, but in the early hours of Oct. 7, she went the extra mile by sharing all five of the remaining mystery track titles.
""Tonight we mayhem til the morning!"" she captioned her first TikTok post of the night. ""AND release vinyls with pics I signed in them on my site! Gonna be a wild ride.""
""The tension is palpable,"" the 32-year-old singer said as she spun the cage filled with ping-pong balls before announcing the first song on the album, which was inspired by her relationship with Joe Alwyn. ""Track one is called 'Lavender Haze.'""",2022-10-07T17:51:00Z,https://www.eonline.com,E! NEWS
Taylor Swift's â€˜Midnights' Album Features Lana Del Ray Collab: See the Complete Track List,"Taylor Swift wanted our midnights, and it seems her goal was well achieved.
The ""All Too Well"" singer made sure she gave fans a sleepless night by revealing the complete track list of her new album ""Midnights"" in a series of new TikToks. One of which included an exciting collaboration with Lana Del Rey.
Up until now, Swift had been releasing the name of only one song at midnight as part of her ""Midnights Mayhem With Me,"" series, but in the early hours of Oct. 7, she went the extra mile by sharing all five of the remaining mystery track titles.
""Tonight we mayhem til the morning!"" she captioned her first TikTok post of the night. ""AND release vinyls with pics I signed in them on my site! Gonna be a wild ride.""
Stay informed about local news and weather. Get the NBC10 Boston app for iOS or Android and pick your alerts.
""The tension is palpable,"" the 32-year-old singer said as she spun the cage filled with ping-pong balls before announcing the first song on the album, which was inspired by her relationship with Joe Alwyn. ""Track one is called 'Lavender Haze.'""
In her final video of the night, Swift announced the name of the one and only artist she'll be collabing with on her upcoming album: Lana.
""Hello and welcome to the final episode of 'Midnights Mayhem with Me.' It's been genuinely chaotic and I've enjoyed every second of it,"" she said. ""We have one track left to announce before you know all the track titles to the 'Midnights' album that comes out October 21st. Thanks for tagging along with me, it's been wild.""
""Track four is called 'Snow On the Beach,'"" Swift noted, before she added, ""featuring Lana Del Rey.""
See the full tracklist below:
1. Lavender Haze
2. Maroon
3. Anti-Hero
4. Snow on the Beach [ft. Lana Del Rey]
5. You're on Your Own, Kid
6. Midnight Rain
7. Question...?
8. Vigilante Shit
9. Bejeweled
10. Labyrinth
11. Karma
12. Sweet Nothing
13. Mastermind",2022-10-07T17:50:55Z,https://www.nbcboston.com,NBC10 Boston
Lana Del Ray: ÎŒÏ„Î±Î½ Î· Î³Î¿Î·Ï„ÎµÎ¯Î± ÎºÎ±Î¹ Î¿Î¹ ÎºÎ±Î¼Ï€ÏÎ»ÎµÏ‚ Î´ÎµÎ½ Î¼ÎµÏ„ÏÎ¿ÏÎ½Ï„Î±Î¹ ÏƒÏ„Î· Î¶Ï…Î³Î±ÏÎ¹Î¬! Î‘Ï…Ï„Î® ÎµÎ¯Î½Î±Î¹ Î· Î½Î­Î± Ï„Î·Ï‚ ÎµÎ¹ÎºÏŒÎ½Î±,"ÎœÎµÎ³Î¬Î»Î· Î· Î±Î»Î»Î±Î³Î® ÏƒÏ„Î·Î½ ÎµÎ¼Ï†Î¬Î½Î¹ÏƒÎ· Ï„Î·Ï‚ Î±Î»Î»Î¬ Î· Lana Del Ray Î±Î½Î®ÎºÎµÎ¹ ÏƒÎµ Î±Ï…Ï„Î­Ï‚ Ï„Î¹Ï‚ Ï€ÎµÏÎ¹Ï€Ï„ÏÏƒÎµÎ¹Ï‚ Î³Ï…Î½Î±Î¹ÎºÏÎ½ Ï€Î¿Ï… Î¿ Â«ÏƒÎµÎ²Î±ÏƒÎ¼ÏŒÏ‚ ÏƒÏ„Î¿ ÏƒÏÎ¼Î±Â» ÎµÎ¯Î½Î±Î¹ ÎºÎ±Î½ÏŒÎ½Î±Ï‚.
ÎšÎ¹ Î­Ï„ÏƒÎ¹ Ï€ÏÎ­Ï€ÎµÎ¹ Î½Î± ÎµÎ¯Î½Î±Î¹ Î³Î¹Î± ÏŒÎ»ÎµÏ‚ Î¼Î±Ï‚ Î³Î¹Î±Ï„Î¯ Î±ÎºÏŒÎ¼Î· ÎºÎ¹ ÏŒÏ„Î±Î½ Ï€Î±Î¯ÏÎ½Î¿Ï…Î¼Îµ Î® Ï‡Î¬Î½Î¿Ï…Î¼Îµ ÎºÎ¹Î»Î¬ ÎºÎ±Î¹ Î¾Î±Ï†Î½Î¹ÎºÎ¬ Î³Î¹Î½ÏŒÎ¼Î±ÏƒÏ„Îµ Â«Î²Î¿ÏÎ¬Â» ÏƒÏ‡Î¿Î»Î¯Ï‰Î½, Î· Î±Ï€Î¬Î½Ï„Î·ÏƒÎ· Î¸Î± Ï€ÏÎ­Ï€ÎµÎ¹ Î½Î± ÎµÎ¯Î½Î±Î¹ ÏƒÎ±Î½ Î±Ï…Ï„Î® Ï€Î¿Ï… Î´Î¯Î½ÎµÎ¹ Î· Ï„ÏÎ±Î³Î¿Ï…Î´Î¯ÏƒÏ„ÏÎ¹Î±!
Î‘Ï…Ï„Î¿Ï€ÎµÏ€Î¿Î¯Î¸Î·ÏƒÎ·, ÏƒÎµÎ²Î±ÏƒÎ¼ÏŒÏ‚ ÎºÎ±Î¹ Î· Î¶Ï‰Î® ÎµÎ¯Î½Î±Î¹ Ï‰ÏÎ±Î¯Î± Î³Î¹Î± Î½Î± Î±Î½Î±Î»Ï‰Î½ÏŒÎ¼Î±ÏƒÏ„Îµ ÏƒÎµâ€¦ Î¶Ï…Î³Î±ÏÎ¹Î­Ï‚! ÎÎ±Î¹, ÎµÎ¯Î½Î±Î¹ Î³ÎµÎ³Î¿Î½ÏŒÏ‚ Ï€Ï‰Ï‚ Î· Î±Î³Î±Ï€Î·Î¼Î­Î½Î· ÏŒÎ»Ï‰Î½ Î¼Î±Ï‚ Ï„ÏÎ±Î³Î¿Ï…Î´Î¯ÏƒÏ„ÏÎ¹Î± Ï€Î®ÏÎµ ÎºÎ¹Î»Î¬ ÎºÎ±Î¹ Î¼Î¬Î»Î¹ÏƒÏ„Î± Î±ÏÎºÎµÏ„Î¬, ÏŒÏ‡Î¹ 10 Î¿ÏÏ„Îµ 20 Î±Î»Î»Î¬ 34 ÎºÎ±Î¹;
Î— Î¯Î´Î¹Î± Î±Ï€Î±Î¸Î±Î½Î±Ï„Î¯Î¶ÎµÏ„Î±Î¹ Î¼Îµ Î±Ï…Ï„Î¿Ï€ÎµÏ€Î¿Î¯Î¸Î·ÏƒÎ· ÎºÎ±Î¹ Î¸Î·Î»Ï…ÎºÏŒÏ„Î·Ï„Î± Ï€Î¿Ï… Ï€Î¿Î»Î»Î­Ï‚ Î³Ï…Î½Î±Î¯ÎºÎµÏ‚ Î±ÏÎ½Î¿ÏÎ½Ï„Î±Î¹ Î½Î± ÎºÎ¬Î½Î¿Ï…Î½ ÏŒÏ„Î±Î½ Î½Î¹ÏÎ¸Î¿Ï…Î½ Ï€Ï‰Ï‚ Î­Ï‡Î¿Ï…Î½ Ï€Î¬ÏÎµÎ¹ ÎºÎ¹Î»Î¬!
ÎˆÏ‡ÎµÎ¹ Î»Î±Ï„ÏÎ­ÏˆÎµÎ¹ Ï„Î¹Ï‚ ÎºÎ±Î¼Ï€ÏÎ»ÎµÏ‚ Ï„Î·Ï‚ ÎºÎ±Î¹ Î· Î¿Î¼Î¿ÏÏ†Î¹Î¬ Ï„Î·Ï‚ Î´ÎµÎ½ Î¼ÎµÏ„ÏÎ¹Î­Ï„Î±Î¹ ÏƒÎµ ÎºÎ±Î¼Î¯Î± Î¶Ï…Î³Î±ÏÎ¹Î¬!
Î£ÏÎ¼Ï†Ï‰Î½Î± Î¼Îµ Ï„Î· ÏƒÎµÎ»Î¯Î´Î± skinnyscoop.com Î· Lana Del Ray ÏŒÏ„Î±Î½ Ï„Î· Î³Î½Ï‰ÏÎ¯ÏƒÎ±Î¼Îµ Î¶ÏÎ³Î¹Î¶Îµ Î¼ÏŒÎ»Î¹Ï‚ 55 ÎºÎ¹Î»Î¬ Î¼Îµ ÏÏˆÎ¿Ï‚ 1.70, Î±Ï€ÏŒ Ï„Î¿ 2020 ÎºÎ±Î¹ Î¼ÎµÏ„Î¬ ÏŒÎ¼Ï‰Ï‚ Î¾ÎµÎºÎ¯Î½Î·ÏƒÎµ Î½Î± Î±Ï€Î¿ÎºÏ„Î¬ Î­Î½Î± Ï€Î¹Î¿ Ï‡Ï…Î¼ÏÎ´ÎµÏ‚ ÎºÎ¿ÏÎ¼Î¯ Ï„Î¿ Î¿Ï€Î¿Î¯Î¿ ÏƒÎ®Î¼ÎµÏÎ± Î¾ÎµÏ€ÎµÏÎ½Î¬ Ï„Î± 80 ÎºÎ¹Î»Î¬.
Î¦Î·Î¼Î¿Î»Î¿Î³ÎµÎ¯Ï„Î±Î¹ Ï€Ï‰Ï‚ Î­Ï‡ÎµÎ¹ Ï€Î¬ÏÎµÎ¹ 34 ÎºÎ¹Î»Î¬, ÎºÎ¬Ï„Î¹ Ï€Î¿Ï… ÏŒÎ¼Ï‰Ï‚ Ï†Î±Î½Ï„Î¬Î¶ÎµÎ¹ Ï…Ï€ÎµÏÎ²Î¿Î»Î¹ÎºÏŒ ÎºÎ±Î¸ÏÏ‚ ÎºÎ¿Î¹Ï„ÏÎ½Ï„Î±Ï‚ ÎºÎ±Î½ÎµÎ¯Ï‚ Ï„Î¹Ï‚ Ï†Ï‰Ï„Î¿Î³ÏÎ±Ï†Î¯ÎµÏ‚ Ï„Î·Ï‚ Î±Ï€Î»Î¬ Î²Î»Î­Ï€ÎµÎ¹ Î­Î½Î± Ï‡Ï…Î¼ÏÎ´ÎµÏ‚ ÎºÎ¿ÏÎ¯Ï„ÏƒÎ¹ Ï€Î¿Ï… Ï€Î±ÏÎ±Î¼Î­Î½ÎµÎ¹ ÏŒÎ¼Î¿ÏÏ†Î¿ ÎºÎ±Î¹ Ï†ÏÎ­ÏƒÎºÎ¿.
Î”ÎµÏ‚ Ï†Ï‰Ï„Î¿Î³ÏÎ±Ï†Î¯ÎµÏ‚ Ï„Î·Ï‚",2022-10-25T05:20:52Z,https://www.gossip-tv.gr,Gossip-tv.gr
"Taylor Swift Reveals Meaning Behind Song â€œSnow on the Beach""","Watch : Is Taylor Swift's Song Karma About Kanye West?
This is the story of Taylor Swift and Lana Del Ray's new song.
In an installment of the video series teasing her upcoming album Midnights, the Grammy winner explained the meaning behind the song ""Snow on the Beach,"" which she sings with the ""Summertime Sadness"" artist.
""Snow on the beach featuring Lana Del Ray is track four on Midnights and I cannot get through that sentence without grinning because I am such a massive fan of Lana Del Ray,"" Taylor shared in the Oct. 12 Instagram video. ""The song, is about falling in love with someone at the same time they are falling in love with you.""
She continued, ""It's in this sort of cataclysmic, fated moment where you realize someone feels exactly the same way that you feel at the same moment.""
The ""Willow"" singer went on to explain that their duet describes the moment where you question if this is really happening or all a dream, saying, ""Kind of like it would be if you were to see snow falling on a beach.""",2022-10-12T17:39:36Z,https://www.eonline.com,E! NEWS
Lana Del Ray makes new album announcement and surprises with a new single,"Lana Del Ray just dropped a surprise new single and made an exciting album announcement, all on the same day.
On the morning of December 7, Lana Del Ray dropped Did You Know That Thereâ€™s a Tunnel Under Ocean Blvd, the title track for her ninth studio album. The album is slated to release on March 10, 2023.
According to Variety, Lana's ninth studio album features appearances from Jon Batiste (who cleaned up at the Grammys earlier this year), Father John Misty, long-time Del Rey producer Jack Antonoffâ€™s band Bleachers and others.
Del Rey and Mike Hermosa, together have written the title track, whereas Del Rey, Antonoff, Drew Erickson and Zach Dawes have produced it.
The 37-year-old released two albums and a book and audiobook of her poetry within a 15-month period in 2020 and 2021. The new album will arrive after a gap of a year and a half of her recent releases.
Check out Lana Del Ray's new single below:",2022-12-06T19:00:00Z,https://www.thenews.com.pk,The News International
The ex factor: Miley Cyrus smashes records with breakup anthem,"Miley Cyrus can buy herself flowers, she can write her name in the sand. She can take herself dancing, and she can hold her own hand.
Thatâ€™s the message the pop star imparts in her new single, Flowers, which smashed Spotifyâ€™s one-week streaming record with more than 96m streams last week, and topped charts around the world including in the UK, Australia, Canada and China.
The song, reportedly about Cyrusâ€™s divorce from the Australian actor Liam Hemsworth, has become an anthem for female empowerment after heartbreak. Cyrus even released it on her ex-husbandâ€™s birthday, spawning countless headlines, TikToks and memes about Hemsworthâ€™s rumoured shortcomings.
Liam Hemsworth's references in Miley Cyrus' ""Flowers"" music video and song ğŸŒº
A THREAD. pic.twitter.com/UI6dk7WJWo â€” ğğ„ğ˜ğ’ğ”ğ’ğŸ‡²ğŸ‡¦ğŸ¦„ (@mileycyrusvibez) January 14, 2023
As the adage, rightly or wrongly attributed to the late poet Dorothy Parker goes, writing well truly is the best revenge. Even Gloria Gaynor, whose 1978 breakup anthem I Will Survive cemented her status as an empowering musical icon, has shared and commented on Cyrusâ€™s hit.
â€œIâ€™m in Nashville working on new music and just heard â€˜Flowersâ€™ for the first time,â€ she said. â€œYour song carries the torch of empowerment and encourages everyone to find the strength in themselves to persevere and thrive. Well done Miley!â€
But Cyrus isnâ€™t the only star whose breakup song has found success in the charts recently. The Colombian singer Shakira topped Spotifyâ€™s top 50 global chart with a â€œdiss trackâ€ about her ex, the former Barcelona footballer Gerard PiquÃ©. The song, a collaboration with the Argentinian producer and DJ Bizarrap, broke records as the most watched new Latin song in YouTubeâ€™s history (currently at 200m views) and was the top song in Spanish-speaking markets including Argentina, Colombia, Chile and Mexico.
With lyrics such as â€œYou traded a Ferrari for a [Renault] Twingo, you traded a Rolex for a Casio,â€ Shakiraâ€™s single also sparked global intrigue in fans already captivated by the singerâ€™s scorched-earth mentality â€“ including claims she used a jar of jam to catch PiquÃ© cheating and set up a lifesize witch doll on her balcony that reportedly overlooks her former mother-in-lawâ€™s home.
shakira looking into her refrigerator pic.twitter.com/9WUUWs2pfX â€” alex (@alex_abads) January 17, 2023
Shakira inside the jam jar investigating how much was missing pic.twitter.com/fUGouZEgm2 â€” AND IM VICTORIA MALCOLM (@fagfetchd) January 17, 2023
Meanwhile, two other stars with top three singles in both the UK and US are the R&B singer SZA with her track Kill Bill â€“ which is about a fantasy to exact revenge on an ex-boyfriend â€“ and queen of the breakup ballad, Taylor Swift, with Anti-Hero. While Anti-Hero isnâ€™t a breakup song, Swiftâ€™s popularity largely derives from her ability to leave tantalising clues about her exes in songs (one that was thought to be about Jake Gyllenhaal led to the actorâ€™s social media being inundated with Swifties).
Last month, Lana Del Rey bought a billboard in her exâ€™s home town to promote her new album, Did You Know That Thereâ€™s a Tunnel Under Ocean Blvd, commenting that this one was â€œpersonalâ€. She also announced her album and dropped the title track on her exâ€™s birthday.
Sign up to First Edition Free daily newsletter Archie Bland and Nimo Omer take you through the top stories and what they mean, free every weekday morning Privacy Notice: Newsletters may contain info about charities, online ads, and content funded by outside parties. For more information see our Newsletters may contain info about charities, online ads, and content funded by outside parties. For more information see our Privacy Policy . We use Google reCaptcha to protect our website and the Google Privacy Policy and Terms of Service apply.
Lana Del Rey had an album billboard placed in her ex's hometown:
â€œThere's only one and it's in Tulsa â˜ ï¸â€ pic.twitter.com/BiTG81nyVW â€” Pop Crave (@PopCrave) December 19, 2022
According to the chart analyst James Masterton, breakup songs â€œdate back to the dawn of pop music historyâ€. The fourth song ever to top the British charts was Outside of Heaven, by Eddie Fisher, and one of the biggest hits of 1957 was Singing the Blues as performed by Guy Mitchell and Tommy Steele â€“ both about the end of a relationship.
But breakup songs take on a special frisson when they are about the performersâ€™ own experiences. â€œThe most moving and heart-rending Abba song of all is The Winner Takes It All as they sing about their divorces from each other,â€ Masterton said.
Whatâ€™s most fascinating, he added, was the â€œgender divideâ€ in the songs. â€œBreakup songs sung by men are [often] in the noble blues tradition of â€˜my baby she left meâ€™ as they sit feeling sorry for themselves. But while there are plenty of heartbroken women, there are just as many songs about a woman picking herself up and moving on. Both Gaynorâ€™s I Will Survive and Cyrusâ€™s Flowers are essentially feminist anthems. The women are empowered by their breakup, not destroyed by it. No wonder it turns out to be such a rich seam of songwriting.â€
Alex Goat, the chief executive of the youth culture specialists Livity, said: â€œIf Lewis Capaldiâ€™s Someone You Loved and Forget Me sit firmly in the depression phase, Flowers feels like youâ€™re coming out the other side, alongside Dua Lipaâ€™s Donâ€™t Start Now, which brings a sense of acceptance and empowerment to â€˜owning your breakupâ€™.â€
But, she said, what felt different and current about Flowers was that the sentiment and the music video vocalise â€“ and visualise â€“ self-care and self-love.
â€œFor todayâ€™s younger generation, self-care rituals and practices are huge. From the unbelievable boom in wellness to Selena Gomezâ€™s heartfelt appearance on The Boss Wives last year, physical and emotional self-care and self-love â€“ the hashtag of which has 52bn TikTok views â€“ capture the spirit of how so many young people are approaching and prioritising the relationship they have with themselves.â€",2023-01-27T14:09:18Z,https://www.theguardian.com,The Guardian
"DN vÃ¤ljer: HÃ¤r Ã¤r de bÃ¤sta albumen, vecka 14","Du vet vÃ¤l att du kan skapa ett gratiskonto pÃ¥ DN? Som inloggad kan du ta del av flera smarta funktioner.
Varje vecka rÃ¶star DN:s musikkritiker fram veckans tio bÃ¤sta album. HÃ¤r Ã¤r Albumtoppen fÃ¶r vecka 14. FÃ¶rra veckans placering inom parentes.
Fever Ray - â€Radical romanticsâ€
1. Fever Ray
â€Radical romanticsâ€
Rabid/PIAS (1)
Samtidigt som texterna Ã¤r en tydlig fortsÃ¤ttning pÃ¥ det sexualpolitiska konceptet Ã¤r framtoningen mindre kinky och mer terapeutiskt utforskande Ã¤n senast: det lÃ¥ter varmare, mer inbjudande och drÃ¶mskt om Fever Ray.
ICECOLDBISHOP - â€Generational curseâ€
2. ICECOLDBISHOP
â€Generational curseâ€
Ice Cold/Epic (NY)
Musikaliskt minimalistiskt och textmÃ¤ssigt socialrealistiskt reser Los Angeles-rapparen ICECOLDBISHOP rakt in i ett kompakt mÃ¶rker: den amerikanska drÃ¶mmen fÃ¶rvandlad till mardrÃ¶m. Ett helgjutet hiphopalbum.
The Blaze - â€Jungleâ€
3. The Blaze
â€Jungleâ€
Animal63/Columbia/RCA (10)
Till â€Jungleâ€ har houseduon The Blaze utvecklats frÃ¥n polerade tonsÃ¤ttningar av coola videor till euforiska klimax av syntslingor som klÃ¤ttrar upp i himlen och enkla textrader som upprepas som mantran. Nu blir de stora pÃ¥ dansgolven.
Iris DeMent - â€Workin' on a worldâ€
4. Iris DeMent
â€Workin' on a worldâ€
Flariella (2)
Det finns en fin tveÂ­tydighet i sÃ¥ngerna pÃ¥ folk-Â­ och countryÂ­artisten Iris Dements nya album. Musiken, jublande och nÃ¤rmast karnevalisk, blir en effektfull kontrast till lÃ¥ttexterna om vapenvÃ¥ld och polisÂ­brutalitet.
100 gecs - â€10.000 gecsâ€
5. 100 gecs
â€10.000 gecsâ€
Dog Show/Atlantic/Warner (3)
PÃ¥ andra albumet fortsÃ¤tter duon 100 gecs att oblygt blanda och ge av referenserna: det lÃ¥ter Skrillex, The Specials och Blink 182 om vartannat. Det Ã¤r lika mycket prilliga dumheter som pur briljans â€“ och det lÃ¥ter extremt bra.
Caroline Polachek - â€Desire, I want to turn into youâ€
6. Caroline Polachek
â€Desire, I want to turn into youâ€
â€Perpetual novice (5)
Som om BjÃ¶rk och Dido fÃ¥tt ett speedat kÃ¤rleksbarn. SÃ¥ lÃ¥ter den amerikanska Caroline Polacheks vanvettigt influensrika, nya album. â€Desire, I want to turn into youâ€ kan mycket vÃ¤l vara Ã¥rets popskiva.
JPEGMAFIA & Danny Brown - â€Scaring the hoesâ€
7. JPEGMAFIA & Danny Brown
â€Scaring the hoesâ€
AWAL (7)
NÃ¤r JPEGMAFIA slÃ¥r sig ihop med Danny Brown blir det gÃ¤rna hysteriskt, hetsigt, humoristiskt. Men nÃ¤r det gnÃ¤llrappas Ã¶ver brÃ¶liga saxofoner, fuzziga gitarrer och skrikande syntar blir det ocksÃ¥ rent hypnotiskt.
Lana Del Rey - â€Did you know that there's a tunnel under Ocean Blvdâ€ Foto: Universal
8. Lana del Rey
â€Did you know that there's a tunnel under Ocean Blvdâ€
Universal (4)
Med mjuka, sjuttiotalsdoftande texturer som korsklipps med influenser hÃ¤mtade frÃ¥n modern r'n'b och hiphop skriver Lana del Rey pÃ¥ nya albumet fram den hjÃ¤rtskÃ¤rande upplevelsen av alltings fÃ¶rgÃ¤nglighet.
Unknown Mortal Orchestra - â€Vâ€
9. Unknown Mortal Orchestra
â€Vâ€
Jagjaguwar/Playground (6)
PÃ¥ dubbelalbumet â€Vâ€, bjuder Ruban Nielson pÃ¥ en smÃ¥slapp, funkig och samtidigt vass popmusik. De fina melodierna ekar av skÃ¶na, solkyssta strÃ¤nder och svajande palmer, men ocksÃ¥ av sanden som trÃ¤nger sig in och kliar
Kjellvandertonbruket - â€Fossilsâ€
10. Kjellvandertonbruket
â€Fossilsâ€
Startracks/Playground (8)
Med tillskottet Christian Kjellvander har det jazzigare Tonbruket alltmer utvecklats mot en vibrerande dramatik. LÃ¥tarna rÃ¶r sig lÃ¥ngsamt framÃ¥t som highways genom ett amerikanskt Ã¶kenlandskap.
LÃ¤s fler albumtoppen och mer om musik",2023-04-08T11:03:31Z,https://www.dn.se,Dagens Nyheter
Le rock Ã  lâ€™honneur au FEQ,"La programmation du Festival dâ€™Ã©tÃ© de QuÃ©bec (FEQ) plaira aux amateurs de rock, notamment grÃ¢ce Ã  la prÃ©sence de Green Day, des Foo Fighters, dâ€™Imagine Dragons, de Billy Talent et de Weezer. Lâ€™Ã©vÃ©nement conserve toutefois son habituelle diversitÃ© en proposant aussi des soirÃ©es avec Pitbull (pop), Zach Bryan (country), Lana Del Rey (Indie rock), les Trois Accords (carte blanche), Robert Charlebois et les Cowboys Fringuants. La soirÃ©e hip-hop et lâ€™Ã‰lectroFEQ seront aussi de retour les 11 et 12 juillet respectivement.
Ces noms seront tous des tÃªtes dâ€™affiches sur les Plaines dâ€™Abraham alors que Coeur de Pirate, Roxane Bruneau, Jessie Reyez, Cypress Hill, Ann Wilson, Christine and the Queens, Lamb of God, Vance Joy, The Smile, Streelight Manifesto et Patrice Michaud se produiront sur la premiÃ¨re scÃ¨ne du Parc de la Francophonie. Sur la seconde scÃ¨ne, les festivaliers retrouveront notamment Milk & Bone, Bobby Bazini, Stephen Sanchez, Souldia, Les Louanges, Protest the Hero, Feist, Alvvays, QuÃ©bec Redneck Bluegrass Project et Jonathan Roy.
Avant mÃªme le dÃ©voilement de la programmation, le FEQ avait indiquÃ© que le laissez-passer serait obligatoire pour tous, incluant les enfants, lors des soirÃ©es du 16 juillet sur les Plaines dâ€™Abraham et des 9 et 12 juillet au parc de la Francophonie. Les poussettes seront Ã©galement interdites lors de ces soirÃ©es.
Mardi, le Festival dâ€™Ã©tÃ© avait dÃ©voilÃ© sur ses rÃ©seaux sociaux une vidÃ©o oÃ¹ de futurs festivaliers apprenaient la programmation de lâ€™Ã©dition 2023 avant tout le monde. Outre des exclamations, il Ã©tait difficile de dÃ©celer quelque indice que ce soit sur les noms dâ€™artistes qui ont Ã©tÃ© annoncÃ©s mercredi midi.
Notons par ailleurs que la vente du laissez-passer rÃ©gulier, argent et or sâ€™est amorcÃ©e en mÃªme temps que le dÃ©voilement de la programmation, soit Ã  midi. Il faudra toutefois attendre au 12 avril pour les sections Zone Signature Bell et Le Jardin.
Plus de dÃ©tails Ã  venirâ€¦",2023-03-22T17:19:21Z,https://journalmetro.com,Journal MÃ©tro
Le rock Ã  lâ€™honneur au FEQ 2023,"La programmation 2023 du Festival dâ€™Ã©tÃ© de QuÃ©bec (FEQ) plaira aux amateurs de rock, notamment grÃ¢ce Ã  la prÃ©sence de Green Day, des Foo Fighters, dâ€™Imagine Dragons, de Billy Talent et de Weezer. Lâ€™Ã©vÃ©nement conserve aussi son habituelle diversitÃ© en proposant des soirÃ©es avec Pitbull (pop), Zach Bryan (country), Lana Del Rey (Indie rock), les Trois Accords (carte blanche), Robert Charlebois et les Cowboys Fringants. La soirÃ©e hip-hop et lâ€™Ã‰lectroFEQ seront aussi de retour les 11 et 12 juillet respectivement.
Ces noms seront tous des tÃªtes dâ€™affiche sur les Plaines dâ€™Abraham alors que Coeur de Pirate, Roxane Bruneau, Jessie Reyez, Cypress Hill, Ann Wilson, Christine and the Queens, Lamb of God, Vance Joy, The Smile, Streelight Manifesto et Patrice Michaud se produiront sur la premiÃ¨re scÃ¨ne du Parc de la Francophonie. Sur la seconde scÃ¨ne, les festivaliers retrouveront notamment Milk & Bone, Bobby Bazini, Stephen Sanchez, Souldia, Les Louanges, Protest the Hero, Feist, Alvvays, QuÃ©bec Redneck Bluegrass Project et Jonathan Roy.
La formule Ã  deux scÃ¨nes du Parc de la Francophonie dâ€™abord explorÃ©e lâ€™an dernier sera bonifiÃ©e cet Ã©tÃ©. En effet, le site sera rÃ©amÃ©nagÃ© et comprendra Â«une zone expÃ©rimentielleÂ» au parc Georges V. Celui-ci servira de porte dâ€™entrÃ©e pour lâ€™ensemble du site et comprendra des camions de cuisine de rue et un Ã©cran afin de voir les concerts en cours sur les scÃ¨nes qui seront installÃ©es sur la rue Jacques Parizeau. Les festivaliers enjamberont la Grande AllÃ©e en empruntant une passerelle qui les amÃ¨nera au Parc de la Francophonie. Selon le directeur de la programmation, Louis Bellavance, cette nouvelle configuration permettra dâ€™accueillir jusquâ€™Ã  20 000 personnes. Â«Personne ne devrait Ãªtre laissÃ© de cÃ´tÃ© cette annÃ©eÂ», soutient-il.
Image: GracieusetÃ©/FEQ
Avant mÃªme le dÃ©voilement de la programmation, le FEQ avait indiquÃ© que le laissez-passer serait obligatoire pour tous, incluant les enfants, lors des soirÃ©es du 16 juillet sur les Plaines dâ€™Abraham (Bad Religion/Green Day) et des 9 (Souldia/Cypress Hill) et 12 juillet (Protest the Hero/Lamb of God) au parc de la Francophonie. Les poussettes seront Ã©galement interdites lors de ces soirÃ©es.
Mardi, le Festival dâ€™Ã©tÃ© avait dÃ©voilÃ© sur ses rÃ©seaux sociaux une vidÃ©o oÃ¹ de futurs festivaliers apprenaient la programmation de lâ€™Ã©dition 2023 avant tout le monde. Outre des exclamations, il Ã©tait difficile de dÃ©celer un quelconque indice que ce soit sur les noms dâ€™artistes qui ont Ã©tÃ© annoncÃ©s mercredi midi.
Complet en deux heures
De toute Ã©vidence, la programmation proposÃ©e par le FEQ en 2023 a plu aux festivaliers puisque la vente du laissez-passer rÃ©gulier, argent et or sâ€™est amorcÃ© en mÃªme temps que le dÃ©voilement de la programmation Ã  midi et que lâ€™ensemble des 125 000 laissez-passer ont trouvÃ© preneur avant mÃªme que le directeur de la programmation termine sa tournÃ©e dâ€™entrevues. Lâ€™organisation a en effet annoncÃ© peu avant 14 h que lâ€™Ã©vÃ©nement se dÃ©roulera Ã  guichets fermÃ©s pour une deuxiÃ¨me annÃ©e consÃ©cutive. La vente de lâ€™ensemble des laissez-passer en moins de deux heures reprÃ©sente par ailleurs un record pour le FEQ, battant du mÃªme coup la marque de 18 jours Ã©tablie en 2022.
Â«Câ€™est phÃ©nomÃ©nal, on a lâ€™habitude des grandes affiches. Le 50e ne sâ€™Ã©tait pas vendu comme Ã§a! Les gens sont en appÃ©tit. La sortie de pandÃ©mie a crÃ©Ã© une dynamique oÃ¹ les gens ont besoin de se retrouver. Beaucoup de reconnaissance et de gratitude, il y a un niveau de rÃ©ponse qui est stupÃ©fiant!Â», a rÃ©agi le grand manitou de la programmation quelques minutes aprÃ¨s avoir appris la nouvelle.
Photo: Benjamin Aubert/MÃ©tro
Louis Bellavance au sujet deâ€¦
La prÃ©sence dâ€™Imagine Dragons, Foo Fighters et Green Day au sein de la mÃªme Ã©dition du festival
Â«Ã‡a place la barre trÃ¨s trÃ¨s haute pour lâ€™an prochain, mais on va vivre avec, on dirait quâ€™on la remonte tout le temps. Il y a des histoires trÃ¨s Ã©motives avec ces groupes-lÃ  ici Ã  QuÃ©bec. Câ€™est quelque chose dâ€™unique qui risque dâ€™Ãªtre dur Ã  reproduireÂ».
U2, Coldplay et Eminem qui reviennent chaque annÃ©e dans les demandes des festivaliers
Â«Il y a des discussions constantes avec ces artistes-lÃ . On est au courant de leurs allÃ©es et venues. Il y a eu des fois oÃ¹ on est passÃ© trÃ¨s prÃ¨s. Câ€™est toujours contextuel et Ã§a prend des facteurs favorables pour y arriver, mais câ€™est tout Ã  fait possible pour les prochaines annÃ©es.Â»
Les diffÃ©rents combos proposÃ©s (Billy Talent/Weezer, Bad Religion/Green Day, Bleu Jeans Bleu/Les Trois Accords, Robert Charlebois/Les Cowboys Fringants)
Â«Ce sont des combos trÃ¨s fort. Chaque soirÃ©e est un petit festival thÃ©matisÃ©, on accorde beaucoup dâ€™importance Ã  qui jouera avec qui. La soirÃ©e avec Allan Rayman, The War On Drugs et Lana Del Rey est aussi formidable en ce sens. MÃªme chose au Parc de la Francophonie oÃ¹ on a des soirÃ©es avec des soirÃ©es Ã  cinq ou six groupes quâ€™on ramasse ensemble pour faire vivre une expÃ©rience raccord. Quand on arrive Ã  le faire Ã  grande Ã©chelle comme un Billy Talent et Weezer, câ€™est trÃ¨s satisfaisant. Câ€™est difficile, il faut travailler avec les Ã©gos de tout le monde pour arriver Ã  aligner Ã§a. Quand on regarde Bad Religion, ils ont dÃ©jÃ  tournÃ© en tÃªte dâ€™affiche avec Green Day en premiÃ¨re partie. Câ€™est un retour des choses pour un groupe qui a tellement influencÃ©.Â»
La qualitÃ© de la programmation en contexte inflationniste
Â«Câ€™est un choix dâ€™entreprise quâ€™une entreprise Ã  but non lucratif peut faire, contrairement Ã  une entreprise Ã  but lucratif. Câ€™Ã©tait un budget Ã  risque quâ€™on assumait parce quâ€™on peut le faire et quâ€™on a le goÃ»t de le faire. Ã€ un moment donnÃ©, on a regardÃ© les donnÃ©es et on sâ€™est demandÃ© ce quâ€™on faisait parce quâ€™on voyait bien que notre pouvoir dâ€™achat nâ€™Ã©tait pas le mÃªme. La rÃ©ponse a Ã©tÃ© dâ€™investir et de prendre le risque. Les gens nous remercient de faÃ§on assez Ã©loquente aujourdâ€™hui et nous donnent le goÃ»t de continuer Ã  maintenir la barre le plus haut possible.Â»
La prÃ©sence du new country au FEQ
Â«On a eu des moments plus difficiles avec le new country au dÃ©part. On a pris une pause nÃ©cessaire et Ã§a a continuÃ© Ã  progresser. QuÃ©bec nâ€™est pas lÃ  oÃ¹ elle Ã©tait en 2012, en 2015 et en 2018. On est clairement ailleurs. Le new country maintenant, je pense que câ€™est un genre qui compte ici Ã  QuÃ©bec et quâ€™on peut y revenir annÃ©e aprÃ¨s annÃ©e. Lâ€™hÃ©sitation est derriÃ¨re moi. On a eu suffisamment de tests, et ce nâ€™est pas seulement la prÃ©sence de Luke Combs lâ€™an dernier, câ€™est un ensemble de facteurs quâ€™on a aussi vu au Centre VidÃ©otron. On consulte aussi le streaming, on voit ce qui se passe dans le marchÃ©. On y est et on peut travailler ce marchÃ©-lÃ . Oui, Zach Bryan est un test, mais câ€™est aussi notre plus grande fiertÃ© de cette programmation parce que câ€™est le gars qui est dans la plus grande progression dans tous les artistes de lâ€™affiche. Pour donner un exemple, Milwaukee Summer Fest lâ€™a annoncÃ© en arÃ©na de 22 000 places chacun en mÃªme temps quâ€™Imagine Dragons. Zach Bryan a vendu en vingt-quatre heures, Imagine Dragons a vendu en quatre jours. Il y a un an, personne ne le connaissait. Va-t-il remplir les Plaines? Ce serait la plus grande surprise!Â»
Les enjeux aux douanes pour la soirÃ©e hip-hop alors que la tÃªte dâ€™affiche Lil Durk a Ã©tÃ© accusÃ© de tentative de meurtre en 2019
Â«On nous assure quâ€™il est capable de venir. Est-ce que Ã§a peut arriver quâ€™il ne passe pas? Mets-en! Ã‡a arrive chaque annÃ©e. Il y a un rappeur sur vingt qui nâ€™a pas de casier judiciaire. Le dernier quâ€™on a fait sans casier, Ã§a devait Ãªtre Logic. Tous les autres, on se croise les doigts. On en perd chaque annÃ©e. Il y a quelquâ€™un dans notre affiche, Cypress Hill ou un autre, qui va Ãªtre arrÃªtÃ©. Câ€™est certain! On va remplacer par quelquâ€™un dâ€™autre. Câ€™est stupÃ©fiant, je suis un peu consternÃ©. Câ€™est le genre le plus populaire au monde, mais câ€™est vraiment particulier et ce nâ€™est pas le plus agrÃ©able Ã  travailler pour nous autres.Â»",2023-03-22T17:19:21Z,https://journalmetro.com,Journal MÃ©tro
Le rock Ã  lâ€™honneur au FEQ 2023,"La programmation 2023 du Festival dâ€™Ã©tÃ© de QuÃ©bec (FEQ) plaira aux amateurs de rock, notamment grÃ¢ce Ã  la prÃ©sence de Green Day, des Foo Fighters, dâ€™Imagine Dragons, de Billy Talent et de Weezer. Lâ€™Ã©vÃ©nement conserve aussi son habituelle diversitÃ© en proposant des soirÃ©es avec Pitbull (pop), Zach Bryan (country), Lana Del Rey (Indie rock), les Trois Accords (carte blanche), Robert Charlebois et les Cowboys Fringants. La soirÃ©e hip-hop et lâ€™Ã‰lectroFEQ seront aussi de retour les 11 et 12 juillet respectivement.
Ces noms seront tous des tÃªtes dâ€™affiche sur les Plaines dâ€™Abraham alors que Coeur de Pirate, Roxane Bruneau, Jessie Reyez, Cypress Hill, Ann Wilson, Christine and the Queens, Lamb of God, Vance Joy, The Smile, Streelight Manifesto et Patrice Michaud se produiront sur la premiÃ¨re scÃ¨ne du Parc de la Francophonie. Sur la seconde scÃ¨ne, les festivaliers retrouveront notamment Milk & Bone, Bobby Bazini, Stephen Sanchez, Souldia, Les Louanges, Protest the Hero, Feist, Alvvays, QuÃ©bec Redneck Bluegrass Project et Jonathan Roy.
La formule Ã  deux scÃ¨nes du Parc de la Francophonie dâ€™abord explorÃ©e lâ€™an dernier sera bonifiÃ©e cet Ã©tÃ©. En effet, le site sera rÃ©amÃ©nagÃ© et comprendra Â«une zone expÃ©rimentielleÂ» au parc Georges V. Celui-ci servira de porte dâ€™entrÃ©e pour lâ€™ensemble du site et comprendra des camions de cuisine de rue et un Ã©cran afin de voir les concerts en cours sur les scÃ¨nes qui seront installÃ©es sur la rue Jacques Parizeau. Les festivaliers enjamberont la Grande AllÃ©e en empruntant une passerelle qui les amÃ¨nera au Parc de la Francophonie. Selon le directeur de la programmation, Louis Bellavance, cette nouvelle configuration permettra dâ€™accueillir jusquâ€™Ã  20 000 personnes. Â«Personne ne devrait Ãªtre laissÃ© de cÃ´tÃ© cette annÃ©eÂ», soutient-il.
Image: GracieusetÃ©/FEQ
Avant mÃªme le dÃ©voilement de la programmation, le FEQ avait indiquÃ© que le laissez-passer serait obligatoire pour tous, incluant les enfants, lors des soirÃ©es du 16 juillet sur les Plaines dâ€™Abraham (Bad Religion/Green Day) et des 9 (Souldia/Cypress Hill) et 12 juillet (Protest the Hero/Lamb of God) au parc de la Francophonie. Les poussettes seront Ã©galement interdites lors de ces soirÃ©es.
Mardi, le Festival dâ€™Ã©tÃ© avait dÃ©voilÃ© sur ses rÃ©seaux sociaux une vidÃ©o oÃ¹ de futurs festivaliers apprenaient la programmation de lâ€™Ã©dition 2023 avant tout le monde. Outre des exclamations, il Ã©tait difficile de dÃ©celer un quelconque indice que ce soit sur les noms dâ€™artistes qui ont Ã©tÃ© annoncÃ©s mercredi midi.
Complet en deux heures
De toute Ã©vidence, la programmation proposÃ©e par le FEQ en 2023 a plu aux festivaliers puisque la vente du laissez-passer rÃ©gulier, argent et or sâ€™est amorcÃ© en mÃªme temps que le dÃ©voilement de la programmation Ã  midi et que lâ€™ensemble des 125 000 laissez-passer ont trouvÃ© preneur avant mÃªme que le directeur de la programmation termine sa tournÃ©e dâ€™entrevues. Lâ€™organisation a en effet annoncÃ© peu avant 14 h que lâ€™Ã©vÃ©nement se dÃ©roulera Ã  guichets fermÃ©s pour une deuxiÃ¨me annÃ©e consÃ©cutive. La vente de lâ€™ensemble des laissez-passer en moins de deux heures reprÃ©sente par ailleurs un record pour le FEQ, battant du mÃªme coup la marque de 18 jours Ã©tablie en 2022.
Â«Câ€™est phÃ©nomÃ©nal, on a lâ€™habitude des grandes affiches. Le 50e ne sâ€™Ã©tait pas vendu comme Ã§a! Les gens sont en appÃ©tit. La sortie de pandÃ©mie a crÃ©Ã© une dynamique oÃ¹ les gens ont besoin de se retrouver. Beaucoup de reconnaissance et de gratitude, il y a un niveau de rÃ©ponse qui est stupÃ©fiant!Â», a rÃ©agi le grand manitou de la programmation quelques minutes aprÃ¨s avoir appris la nouvelle.
Photo: Benjamin Aubert/MÃ©tro
Louis Bellavance au sujet deâ€¦
La prÃ©sence dâ€™Imagine Dragons, Foo Fighters et Green Day au sein de la mÃªme Ã©dition du festival
Â«Ã‡a place la barre trÃ¨s trÃ¨s haute pour lâ€™an prochain, mais on va vivre avec, on dirait que la remonte tout le temps. Il y a des histoires trÃ¨s Ã©motives avec ces groupes-lÃ  ici Ã  QuÃ©bec. Câ€™est quelque chose dâ€™unique qui risque dâ€™Ãªtre dur Ã  reproduireÂ».
U2, Coldplay et Eminem qui reviennent chaque annÃ©e dans les demandes des festivaliers
Â«Il y a des discussions constantes avec ces artistes-lÃ . On est au courant de leurs allÃ©es et venues. Il y a eu des fois oÃ¹ on est passÃ© trÃ¨s prÃ¨s. Câ€™est toujours contextuel et Ã§a prend des facteurs favorables pour y arriver, mais câ€™est tout Ã  fait possible pour les prochaines annÃ©es.Â»
Les diffÃ©rents combos proposÃ©s (Billy Talent/Weezer, Bad Religion/Green Day, Bleu Jeans Bleu/Les Trois Accords, Robert Charlebois/Les Cowboys Fringants)
Â«Ce sont des combos trÃ¨s fort. Chaque soirÃ©e est un petit festival thÃ©matisÃ©, on accorde beaucoup dâ€™importance Ã  qui jouera avec qui. La soirÃ©e avec Allan Rayman, The War On Drugs et Lana Del Rey est aussi formidable en ce sens. MÃªme chose au Parc de la Francophonie oÃ¹ on a des soirÃ©es avec des soirÃ©es Ã  cinq ou six groupes quâ€™on ramasse ensemble pour faire vivre une expÃ©rience raccord. Quand on arrive Ã  le faire Ã  grande Ã©chelle comme un Billy Talent et Weezer, câ€™est trÃ¨s satisfaisant. Câ€™est difficile, il faut travailler avec les Ã©gos de tout le monde pour arriver Ã  aligner Ã§a. Quand on regarde Bad Religion, ils ont dÃ©jÃ  tournÃ© en tÃªte dâ€™affiche avec Green Day en premiÃ¨re partie. Câ€™est un retour des choses pour un groupe qui a tellement influencÃ©.Â»
La qualitÃ© de la programmation en contexte inflationniste
Â«Câ€™est un choix dâ€™entreprise quâ€™une entreprise Ã  but non lucratif peut faire contrairement Ã  une entreprise Ã  but lucratif. Câ€™Ã©tait un budget Ã  risque quâ€™on assumait parce quâ€™on peut le faire et quâ€™on a le goÃ»t de le faire. Ã€ un moment donnÃ©, on a regardÃ© les donnÃ©es et on sâ€™est demandÃ© ce quâ€™on faisait parce quâ€™on voyait bien que notre pouvoir dâ€™achat nâ€™Ã©tait pas le mÃªme. La rÃ©ponse a Ã©tÃ© dâ€™investir et de prendre le risque. Les gens nous remercient de faÃ§on assez Ã©loquente aujourdâ€™hui et nous donnent le goÃ»t de continuer Ã  maintenir la barre le plus haut possible.Â»
La prÃ©sence du new country au FEQ
Â«On a eu des moments plus difficiles avec le new country au dÃ©part. On a pris une pause nÃ©cessaire et Ã§a a continuÃ© Ã  progresser. QuÃ©bec nâ€™est pas lÃ  oÃ¹ elle Ã©tait en 2012, en 2015 et en 2018. On est clairement ailleurs. Le new country maintenant, je pense que câ€™est un genre qui compte ici Ã  QuÃ©bec et quâ€™on peut y revenir annÃ©e aprÃ¨s annÃ©e. Lâ€™hÃ©sitation est derriÃ¨re moi. On a eu suffisamment de tests, et ce nâ€™est pas seulement la prÃ©sence de Luke Combs lâ€™an dernier, câ€™est un ensemble de facteurs quâ€™on a aussi vu au Centre VidÃ©otron. On consulte aussi le streaming, on voit ce qui se passe dans le marchÃ©. On y est et on peut travailler ce marchÃ©-lÃ . Oui, Zach Bryan est un test, mais câ€™est aussi notre plus grande fiertÃ© de cette programmation parce que câ€™est le gars qui est dans la plus grande progression dans tous les artistes de lâ€™affiche. Pour donner un exemple, Milwaukee Summer Fest lâ€™a annoncÃ© en arÃ©na de 22 000 places chacun en mÃªme temps quâ€™Imagine Dragons. Zach Bryan a vendu en vingt-quatre heures, Imagine Dragons a vendu en quatre jours. Il y a un an, personne ne le connaissait. Va-t-il remplir les Plaines? Ce serait la plus grande surprise!
Les enjeux aux douanes pour la soirÃ©e hip-hop alors que la tÃªte dâ€™affiche Lil Durk a Ã©tÃ© accusÃ© de tentative de meurtre en 2019
Â«On nous assure quâ€™il est capable de venir. Est-ce que Ã§a peut arriver quâ€™il ne passe pas? Mets-en! Ã‡a arrive chaque annÃ©e. Il y a un rappeur sur vingt qui nâ€™a pas de casier judiciaire. Le dernier quâ€™on a fait sans casier, Ã§a devait Ãªtre Logic. Tous les autres, on se croise les doigts. On en perd chaque annÃ©e. Il y a quelquâ€™un dans notre affiche, Cypress Hill ou un autre, qui va Ãªtre arrÃªtÃ©. Câ€™est certain! On va remplacer par quelquâ€™un dâ€™autre. Câ€™est stupÃ©fiant, je suis un peu consternÃ©. Câ€™est le genre le plus populaire au monde, mais câ€™est vraiment particulier et ce nâ€™est pas le plus agrÃ©able Ã  travailler pour nous autres.Â»",2023-03-22T17:19:21Z,https://journalmetro.com,Journal MÃ©tro
Does Lana Del Ray's song 'Margaret' disclose Jack Antonoff's wedding date?,"Does Lana Del Ray's song 'Margaret' disclose Jack Antonoff's wedding date?
Lana Del Rey's recent collaboration with Jack Antonoff, titled ""Margaret,"" sparked speculation among fans about the wedding date of Antonoff and Emmy-nominated actress Margaret Qualley.
Del Rey's lyrics include the line, ""join the party/By the way, the party is Dec. 18."" However, Qualley confirmed to the Los Angeles Times that the wedding is not on that date, and Del Rey did not include their actual wedding date in her song.
â€œ[Lana] was kind enough to not put my real wedding date in the song. But I love that song so much. It makes me feel like Iâ€™m living in a dream. Sheâ€™s my favorite poet. I adore her,â€ Qualley said.
During a recent concert, Antonoff revealed that Del Rey had suggested writing a song about his fiancÃ©e, which turned out to be ""Margaret.""
The mystery of Del Rey's Dec. 18 party invitation remains unresolved, but it could be related to events such as Keith Richards' 80th birthday or the fourth anniversary of Donald Trump's first impeachment trial.
Lana Del Rey's latest album, titled ""Did You Know That There's A Tunnel Under Ocean Blvd,"" was released on March 24. It's her ninth album and her lengthiest yet, featuring intricate songs about family and romantic relationships.",2023-05-12T19:00:00Z,https://www.thenews.com.pk,The News International
"At Newport Folk, all kinds of folks","Start with some of this weekendâ€™s big-shot acts. The Hold Steady and Lana Del Rey both visit the festival for the first time: Craig Finn and company will deliver their story-centric anthemic rock (presumably including a sampling of their latest, â€œThe Price of Progressâ€) on Saturday; Del Rey brings her damaged torch songs to the main stage Sunday. Add to that list the mellow melancholy of Aimee Mann , power-pop goodness from New Zealandâ€™s the Beths , and the time-warp rock â€˜nâ€™ roll of the Heavy Heavy . Those whose tastes run to soul music should find satisfaction in the sweet and classic sounds of Thee Sacred Souls and the global psychedelic funk of Orchestra Gold .
Lana Del Rey, playing the festival for the first time, takes the stage at Newport on Sunday.
â€œAll music is folk music; I ainâ€™t never heard a horse sing a song,â€ a dictum variously attributed to Louis Armstrong and Big Bill Broonzy, has been an animating principle of the Newport Folk Festival for quite some time, and itâ€™s on full display again this year.
Get The Big To-Do Your guide to staying entertained, from live shows and outdoor fun to the newest in museums, movies, TV, books, dining, and more. Enter Email Sign Up
Billy Strings will close the Newport Folk Festival Sunday night. Nathan Klima for The Boston Globe
Of course, thereâ€™s plenty of roots music of various flavors on offer. Jaime Wyatt will play her outlaw-leaning country on Saturday afternoon; earlier that day, folkie populist Willi Carlisle takes the stage. The revivified Nickel Creek comes to the festival on Friday; Saturday, John Oates takes off his Hall & Oates hat and gets his folk on with a different partner in Guthrie Trapp. Sunday, the trad gospel-quartet revivalists the Harlem Gospel Travelers appear. One of Sundayâ€™s other main attractions (at least to these ears) is Los Lobos, just another band from East LA that has been making marvelous music for 50 years (including a stop at Newport 35 years ago); theyâ€™ll be celebrating with unspecified â€œfriends.â€ Caamp play some of their banjo-forward indie folk on opening day, and member Taylor Meier makes another appearance with his offshoot outfit, Sumbuck, on Sunday. Gregory Alan Isakov will also play Sunday, and the festival will be closed by current bluegrass it-boy Billy Strings.
Advertisement
Thee Sacred Souls perform Friday. Gustavo Olivares
This yearâ€™s event finds plenty of room for folks from beyond American borders as well, with Mdou Moctar, Jupiter & Okwess, and Cote dâ€™Ivoire ex-pat Peter One performing. The local music community is represented via Newportâ€™s own Laden Valley, the Choir School of Newport County, and MorganEve Swain, whose project the Huntress and Holder of Hands combines strains of ominous art music and ancient murder ballads to marvelous effect. Troubadour Dan Blakeslee has for years been making the short trip from the Boston area to busk at the festival (which earned him the title â€œOfficial Buskerâ€); heâ€™s been invited to perform on the main stage this year.
Advertisement
Perennial festival performers Jason Isbell and the 400 Unit, Angel Olsen, and My Morning Jacket will once again all be on hand. And there are plenty of chances to discover something new; Mon RovÃ®a, Jobi Riccio, Mereba, and Senora May are just a few of the possibilities on that front.
In other words, as always, something for just about every taste. No horses, though.
Stuart Munro can be reached at sj.munro@verizon.net.
NEWPORT FOLK FESTVAL
At Fort Adams State Park, Newport, R.I., July 28-30. Sold out. Full schedule at newportfolk.org",2023-07-26T04:00:00Z,https://www.bostonglobe.com,The Boston Globe
Alben 2023: Die zehn besten Alben des Jahres - und die schlechtesten,"Ein Albumjahr war 2023 eigentlich nicht: Die Popkultur strÃ¶mte eher auf groÃŸe LeinwÃ¤nde, etwa bei ""Barbie"" und ""Oppenheimer"", oder mit BeyoncÃ© und Taylor Swift ins groÃŸe Stadion. Tolle Platten gab es natÃ¼rlich trotzdem, quer durch alle Genres. Hier sind zehn davon â€“ und als Bonusbescherung noch zwÃ¶lf misslungene von KÃ¼nstlerinnen und KÃ¼nstlern, die uns schon lÃ¤nger auf den Geist gehen. Gern geschehen!
Manchmal muss man Lana Del Rey gegen ihre eigenen Fans verteidigen. Die Welt liebt sie fÃ¼r ihren abgehalfterten Glamour, vergisst vor lauter Klischees aber gern, was Del Rey von vielen Popstars ihrer Generation unterscheidet: Ihre Musik ist nicht nur genauso interessant wie ihre Kunstfigur, sie wird sogar immer interessanter. Die Single A&W zum Beispiel beginnt, als habe man einen Song von Mazzy Star in einem Kahn auf dem offenen Meer ausgesetzt. Langsam entfaltet sich die ErzÃ¤hlung einer kaputten Frau, der titelgebenden American whore, die von niemandem Mitleid zu erwarten hat. Sie sei schlieÃŸlich eine, die ihr UnglÃ¼ck selbst herausfordere â€“ schau dir nur ihre Haare an, ihr Gesicht, ihren KÃ¶rper.",2023-12-18T10:38:32Z,https://www.zeit.de,ZEIT ONLINE
Who is playing at Coachella in 2024?,"Tickets will go on sale this week, but even if you don't snag one, there's another option.
Example video title will go here for this video
Example video title will go here for this video
LOS ANGELES â€” Music festival obsessives, the wait is over. The 2024 Coachella Valley Music and Arts Festival lineup is here.
Lana Del Rey, Doja Cat and Tyler, the Creator will headline this year's festivities, joined by an unexpected No Doubt reunion. (Remember No Doubt? The Orange Country ska-punk band that gave the world Gwen Stefani? The band's last album, â€œPush and Shove,â€ was released 12 years ago â€” during the band's first reunion. This marks their second.)
Del Rey's set will be the first time she has performed at Coachella in a decade, after her last appearance in 2014. Tyler the Creator's last time on the Coachella stage was in 2018.
And Doja Cat premiered at Coachella in 2022, making her the most recent of the top billed artists to return. She released a new album, ""Scarlet,"" in 2023.
Also on the lineup: regional Mexican music superstar Peso Pluma, Ice Spice, Bizarrap, Young Miko, Lil Uzi Vert, Sabrina Carpenter, Deftones, Carin LeÃ³n, ATEEZ, LE SSERAFIM, Sublime, Blur, J Balvin, Lil Yachty, ReneÃ© Rapp, Bleachers, Grimes and many more.
Coachella Valley Music and Arts Festival returns to the Empire Polo Club in Indio, CA for two weekends: April 12 â€“ 14 and April 19 â€“ 21, 2024.
For ticket hunters: presale begins Friday at 11am PT.",2024-01-17T13:35:42Z,https://www.wltx.com,WLTX.com
Sattes BuÃŸgeld beim Coachella: Warum Lana Del Ray fÃ¼r Ã„rger sorgte,"Kalifornien - Umgerechnet circa 26.000 Euro Strafe mÃ¼ssen die Veranstalter des Coachella-Festivals zahlen. Der Grund: Lana Del Ray (38) hat ihr Set 13 Minuten Ã¼berzogen.
SÃ¤ngerin Lana Del Ray (38) trat an beiden Coachella-Wochenenden auf. Â© AFP/MONICA SCHIPPER / GETTY IMAGES NORTH AMERICA / GETTY IMAGES
Vergangenes Wochenende ging das Festival in die zweite Runde. Die ""Summertime Sadness""-Interpretin trat an beiden Wochenenden auf.
Am Freitag schloss die US-SÃ¤ngerin die Veranstaltung mit ihrer Performance auf der HauptbÃ¼hne, dabei Ã¼berzog sie eine Viertelstunde. Das verletzte die Sperrstundenregelung der Stadt Indio in Kalifornien, berichtet TMZ.
Trotzdem ist die Summe wahrscheinlich ein Erfolg fÃ¼r die Veranstalter, denn letztes Jahr war das BuÃŸgeld um einiges grÃ¶ÃŸer ausgefallen. Circa 110.000 Euro musste das Coachella 2023 blechen, da Frank Ocean das Set um 25 Minuten Ã¼berzog.
Weiterhin berichtet das Magazin, das auf dem Event weniger los war als in den vergangenen Jahren. AuÃŸerdem fiel die KriminalitÃ¤tsrate um 20 Prozent.",2024-04-23T11:21:00Z,https://www.tag24.de,TAG24
